"","Y","V2","V3","V4","V5","V6","V7","V8","V9","V10","V11","V12","V13","V14","V15","V16","V17"
"X1",-0.570187185877717,1,1,0,0.01,2,0.0512710963760241,1,0,0,0,1,1,0,0,1,0
"X2",-0.36416388712225,1,2,0,0.01,2,0.105170918075648,1,0,0,0,1,1,0,0,1,0
"X3",0.103620477970774,1,3,1,0.01,2,0.161834242728283,1,0,0,0,1,1,0,0,1,0
"X4",0.473208683406335,1,4,0,0.01,2,0.22140275816017,1,0,0,0,1,1,0,0,1,0
"X5",-1.26909072055195,1,5,0,0.01,2,0.284025416687741,1,0,0,0,1,1,0,0,1,0
"X6",-0.185225432012912,1,6,0,0.01,2,0.349858807576003,1,0,0,0,1,1,0,0,1,0
"X7",0.546605396416036,1,7,0,0.01,2,0.419067548593257,1,0,0,0,1,1,0,0,1,0
"X8",0.431732636828964,1,8,0,0.01,2,0.49182469764127,1,0,0,0,1,1,0,0,1,0
"X9",0.123714665398766,1,9,0,0.01,2,0.568312185490169,1,0,0,0,1,1,0,0,1,0
"X10",0.499314570212117,1,10,0,0.01,2,0.648721270700128,1,0,0,0,1,1,0,0,1,0
"X1.1",0.191809773029457,2,1,0,0.01,1,0.01,1,0,1,0,0,0,1,0,0,1
"X2.1",0.113155014529369,2,2,0,0.01,1,0.01,1,0,1,0,0,0,1,0,0,1
"X3.1",-1.26352877146148,2,3,1,0.01,1,0.01,1,0,1,0,0,0,1,0,0,1
"X4.1",-0.405943789300404,2,4,0,0.01,1,0.01,1,0,1,0,0,0,1,0,0,1
"X5.1",-0.93911670115202,2,5,0,0.01,1,0.01,1,0,1,0,0,0,1,0,0,1
"X6.1",2.40027464386387,2,6,0,0.01,1,0.01,1,0,1,0,0,0,1,0,0,1
"X7.1",0.323550720117966,2,7,0,0.01,1,0.01,1,0,1,0,0,0,1,0,0,1
"X8.1",-0.148605908464145,2,8,0,0.01,1,0.01,1,0,1,0,0,0,1,0,0,1
"X9.1",-0.786464030896133,2,9,0,0.01,1,0.01,1,0,1,0,0,0,1,0,0,1
"X10.1",-0.999864093880242,2,10,0,0.01,1,0.01,1,0,1,0,0,0,1,0,0,1
"X1.2",-0.198177128886773,3,1,0,0.01,2,0.0512710963760241,1,1,0,0,1,1,0,1,1,0
"X2.2",-1.14370221721904,3,2,0,0.01,2,0.105170918075648,1,1,0,0,1,1,0,1,1,0
"X3.2",0.062111390685025,3,3,0,0.01,2,0.161834242728283,1,1,0,0,1,1,0,1,1,0
"X4.2",0.415510526738176,3,4,0,0.01,2,0.22140275816017,1,1,0,0,1,1,0,1,1,0
"X5.2",-0.0931081750583067,3,5,0,0.01,2,0.284025416687741,1,1,0,0,1,1,0,1,1,0
"X6.2",0.118070415848385,3,6,0,0.01,2,0.349858807576003,1,1,0,0,1,1,0,1,1,0
"X7.2",0.1106871747989,3,7,0,0.01,2,0.419067548593257,1,1,0,0,1,1,0,1,1,0
"X8.2",1.85651405233764,3,8,0,0.01,2,0.49182469764127,1,1,0,0,1,1,0,1,1,0
"X9.2",-0.82111078711006,3,9,0,0.01,2,0.568312185490169,1,1,0,0,1,1,0,1,1,0
"X10.2",1.07357534873082,3,10,0,0.01,2,0.648721270700128,1,1,0,0,1,1,0,1,1,0
"X1.3",1.05745284379004,4,1,0,0.01,1,0.01,1,1,0,1,1,1,0,0,1,1
"X2.3",-0.127116478508252,4,2,0,0.01,1,0.01,1,1,0,1,1,1,0,0,1,1
"X3.3",1.31784037379781,4,3,0,0.01,1,0.01,1,1,0,1,1,1,0,0,1,1
"X4.3",1.10545524367986,4,4,0,0.01,1,0.01,1,1,0,1,1,1,0,0,1,1
"X5.3",0.978171213636584,4,5,0,0.01,1,0.01,1,1,0,1,1,1,0,0,1,1
"X6.3",0.0251141634762136,4,6,0,0.01,1,0.01,1,1,0,1,1,1,0,0,1,1
"X7.3",-1.43791331093201,4,7,0,0.01,1,0.01,1,1,0,1,1,1,0,0,1,1
"X8.3",-1.12956789788132,4,8,0,0.01,1,0.01,1,1,0,1,1,1,0,0,1,1
"X9.3",0.156372827954902,4,9,0,0.01,1,0.01,1,1,0,1,1,1,0,0,1,1
"X10.3",0.829757172071052,4,10,0,0.01,1,0.01,1,1,0,1,1,1,0,0,1,1
"X1.4",-0.282892335086784,5,1,0,0.01,2,0.0512710963760241,0,1,0,0,0,1,1,0,0,0
"X2.4",-0.441311907148516,5,2,0,0.01,2,0.105170918075648,0,1,0,0,0,1,1,0,0,0
"X3.4",0.952357932710088,5,3,0,0.01,2,0.161834242728283,0,1,0,0,0,1,1,0,0,0
"X4.4",-0.543294195227223,5,4,0,0.01,2,0.22140275816017,0,1,0,0,0,1,1,0,0,0
"X5.4",1.33468906723697,5,5,0,0.01,2,0.284025416687741,0,1,0,0,0,1,1,0,0,0
"X6.4",1.03463157420605,5,6,0,0.01,2,0.349858807576003,0,1,0,0,0,1,1,0,0,0
"X7.4",-1.49188999364525,5,7,0,0.01,2,0.419067548593257,0,1,0,0,0,1,1,0,0,0
"X8.4",-0.0573518925783005,5,8,0,0.01,2,0.49182469764127,0,1,0,0,0,1,1,0,0,0
"X9.4",0.138011030679898,5,9,0,0.01,2,0.568312185490169,0,1,0,0,0,1,1,0,0,0
"X10.4",-0.604122874801846,5,10,0,0.01,2,0.648721270700128,0,1,0,0,0,1,1,0,0,0
"X1.5",0.923841770153143,6,1,0,0.01,1,0.01,0,1,1,1,1,1,0,1,0,1
"X2.5",0.405405721081764,6,2,0,0.01,1,0.01,0,1,1,1,1,1,0,1,0,1
"X3.5",-0.323398777379722,6,3,0,0.01,1,0.01,0,1,1,1,1,1,0,1,0,1
"X4.5",-1.14674884612807,6,4,0,0.01,1,0.01,0,1,1,1,1,1,0,1,0,1
"X5.5",-1.09740563473259,6,5,0,0.01,1,0.01,0,1,1,1,1,1,0,1,0,1
"X6.5",-0.478371001469393,6,6,0,0.01,1,0.01,0,1,1,1,1,1,0,1,0,1
"X7.5",0.97039463991946,6,7,0,0.01,1,0.01,0,1,1,1,1,1,0,1,0,1
"X8.5",1.86090785588949,6,8,0,0.01,1,0.01,0,1,1,1,1,1,0,1,0,1
"X9.5",0.255297101035642,6,9,0,0.01,1,0.01,0,1,1,1,1,1,0,1,0,1
"X10.5",1.45543281745192,6,10,0,0.01,1,0.01,0,1,1,1,1,1,0,1,0,1
"X1.6",1.31939664302292,7,1,0,0.01,2,0.0512710963760241,1,0,0,1,0,1,1,1,1,1
"X2.6",-1.34535709351806,7,2,0,0.01,2,0.105170918075648,1,0,0,1,0,1,1,1,1,1
"X3.6",0.978983529024088,7,3,1,0.01,2,0.161834242728283,1,0,0,1,0,1,1,1,1,1
"X4.6",1.72166447533006,7,4,0,0.01,2,0.22140275816017,1,0,0,1,0,1,1,1,1,1
"X5.6",0.263523042286401,7,5,0,0.01,2,0.284025416687741,1,0,0,1,0,1,1,1,1,1
"X6.6",-0.920767634032902,7,6,0,0.01,2,0.349858807576003,1,0,0,1,0,1,1,1,1,1
"X7.6",0.711513919956241,7,7,0,0.01,2,0.419067548593257,1,0,0,1,0,1,1,1,1,1
"X8.6",0.482061092337974,7,8,0,0.01,2,0.49182469764127,1,0,0,1,0,1,1,1,1,1
"X9.6",1.42854980516345,7,9,0,0.01,2,0.568312185490169,1,0,0,1,0,1,1,1,1,1
"X10.6",-1.0296835798617,7,10,0,0.01,2,0.648721270700128,1,0,0,1,0,1,1,1,1,1
"X1.7",-0.334377030378382,8,1,0,0.01,1,0.01,0,0,1,0,0,0,0,1,1,1
"X2.7",0.00645669388905722,8,2,0,0.01,1,0.01,0,0,1,0,0,0,0,1,1,1
"X3.7",-0.13663448084892,8,3,0,0.01,1,0.01,0,0,1,0,0,0,0,1,1,1
"X4.7",0.645153561597585,8,4,0,0.01,1,0.01,0,0,1,0,0,0,0,1,1,1
"X5.7",0.579943608855243,8,5,0,0.01,1,0.01,0,0,1,0,0,0,0,1,1,1
"X6.7",0.355502470730839,8,6,0,0.01,1,0.01,0,0,1,0,0,0,0,1,1,1
"X7.7",-0.599123182378452,8,7,0,0.01,1,0.01,0,0,1,0,0,0,0,1,1,1
"X8.7",-0.608238536764744,8,8,0,0.01,1,0.01,0,0,1,0,0,0,0,1,1,1
"X9.7",0.783886701547378,8,9,0,0.01,1,0.01,0,0,1,0,0,0,0,1,1,1
"X10.7",-0.863080127532787,8,10,0,0.01,1,0.01,0,0,1,0,0,0,0,1,1,1
"X1.8",-0.399251316511319,9,1,0,0.01,1,0.01,0,0,1,1,1,1,0,1,1,1
"X2.8",-0.0626780147542081,9,2,0,0.01,1,0.01,0,0,1,1,1,1,0,1,1,1
"X3.8",0.688840600215622,9,3,0,0.01,1,0.01,0,0,1,1,1,1,0,1,1,1
"X4.8",0.325482759192907,9,4,0,0.01,1,0.01,0,0,1,1,1,1,0,1,1,1
"X5.8",0.20380979752373,9,5,0,0.01,1,0.01,0,0,1,1,1,1,0,1,1,1
"X6.8",-1.36110041547457,9,6,0,0.01,1,0.01,0,0,1,1,1,1,0,1,1,1
"X7.8",-0.132862860590876,9,7,0,0.01,1,0.01,0,0,1,1,1,1,0,1,1,1
"X8.8",-2.27166591739236,9,8,0,0.01,1,0.01,0,0,1,1,1,1,0,1,1,1
"X9.8",-0.149952042435641,9,9,0,0.01,1,0.01,0,0,1,1,1,1,0,1,1,1
"X10.8",0.393637604784741,9,10,0,0.01,1,0.01,0,0,1,1,1,1,0,1,1,1
"X1.9",1.25591414379819,10,1,0,0.01,2,0.0512710963760241,1,1,0,0,1,1,1,0,1,1
"X2.9",-0.316379427820399,10,2,0,0.01,2,0.105170918075648,1,1,0,0,1,1,1,0,1,1
"X3.9",0.97950728614611,10,3,0,0.01,2,0.161834242728283,1,1,0,0,1,1,1,0,1,1
"X4.9",0.494904446205892,10,4,0,0.01,2,0.22140275816017,1,1,0,0,1,1,1,0,1,1
"X5.9",-0.0413615219262211,10,5,0,0.01,2,0.284025416687741,1,1,0,0,1,1,1,0,1,1
"X6.9",-1.33857006750315,10,6,0,0.01,2,0.349858807576003,1,1,0,0,1,1,1,0,1,1
"X7.9",2.25933115753339,10,7,0,0.01,2,0.419067548593257,1,1,0,0,1,1,1,0,1,1
"X8.9",-0.282864291738539,10,8,1,0.01,2,0.49182469764127,1,1,0,0,1,1,1,0,1,1
"X9.9",1.88686072485862,10,9,0,0.01,2,0.568312185490169,1,1,0,0,1,1,1,0,1,1
"X10.9",-0.147067717682631,10,10,0,0.01,2,0.648721270700128,1,1,0,0,1,1,1,0,1,1
"X1.10",-0.176918179636562,11,1,0,0.0512710963760241,2,0.0512710963760241,0,1,0,1,0,1,1,0,0,1
"X2.10",0.998465602538615,11,2,0,0.0512710963760241,2,0.105170918075648,0,1,0,1,0,1,1,0,0,1
"X3.10",2.58729508450723,11,3,0,0.0512710963760241,2,0.161834242728283,0,1,0,1,0,1,1,0,0,1
"X4.10",0.336997484428716,11,4,0,0.0512710963760241,2,0.22140275816017,0,1,0,1,0,1,1,0,0,1
"X5.10",0.351430850240414,11,5,0,0.0512710963760241,2,0.284025416687741,0,1,0,1,0,1,1,0,0,1
"X6.10",0.656398733588589,11,6,0,0.0512710963760241,2,0.349858807576003,0,1,0,1,0,1,1,0,0,1
"X7.10",0.556303170657946,11,7,0,0.0512710963760241,2,0.419067548593257,0,1,0,1,0,1,1,0,0,1
"X8.10",3.2410406899671,11,8,0,0.0512710963760241,2,0.49182469764127,0,1,0,1,0,1,1,0,0,1
"X9.10",1.12706813908097,11,9,0,0.0512710963760241,2,0.568312185490169,0,1,0,1,0,1,1,0,0,1
"X10.10",0.451684027026123,11,10,0,0.0512710963760241,2,0.648721270700128,0,1,0,1,0,1,1,0,0,1
"X1.11",-0.00394336675422041,12,1,0,0.105170918075648,3,0.127496851579376,1,1,1,1,0,1,1,0,0,0
"X2.11",1.09722889581698,12,2,0,0.105170918075648,3,0.271249150321405,1,1,1,1,0,1,1,0,0,0
"X3.11",0.420077183526487,12,3,0,0.105170918075648,3,0.43332941456034,1,1,1,1,0,1,1,0,0,0
"X4.11",-0.0163395818828375,12,4,0,0.105170918075648,3,0.616074402192893,1,1,1,1,0,1,1,0,0,0
"X5.11",0.270498553923942,12,5,0,0.105170918075648,3,0.822118800390509,1,1,1,1,0,1,1,0,0,0
"X6.11",-1.02050787136527,12,6,0,0.105170918075648,3,1.05443321064389,1,1,1,1,0,1,1,0,0,0
"X7.11",-0.269898103073745,12,7,0,0.105170918075648,3,1.31636697678109,1,1,1,1,0,1,1,0,0,0
"X8.11",1.75383733183043,12,8,0,0.105170918075648,3,1.61169647342312,1,1,1,1,0,1,1,0,0,0
"X9.11",1.62668756529359,12,9,0,0.105170918075648,3,1.94467955106552,1,1,1,1,0,1,1,0,0,0
"X10.11",2.3825963648822,12,10,0,0.105170918075648,3,2.32011692273655,1,1,1,1,0,1,1,0,0,0
"X1.12",-2.04354419485204,13,1,0,0.161834242728283,1,0.01,0,0,1,1,1,1,0,1,1,0
"X2.12",0.317879438100881,13,2,0,0.161834242728283,1,0.01,0,0,1,1,1,1,0,1,1,0
"X3.12",-0.655097243392854,13,3,0,0.161834242728283,1,0.01,0,0,1,1,1,1,0,1,1,0
"X4.12",-0.763893828659894,13,4,0,0.161834242728283,1,0.01,0,0,1,1,1,1,0,1,1,0
"X5.12",-0.404364749883286,13,5,0,0.161834242728283,1,0.01,0,0,1,1,1,1,0,1,1,0
"X6.12",-0.503859151945153,13,6,0,0.161834242728283,1,0.01,0,0,1,1,1,1,0,1,1,0
"X7.12",0.750986944819098,13,7,0,0.161834242728283,1,0.01,0,0,1,1,1,1,0,1,1,0
"X8.12",-1.15020293615515,13,8,0,0.161834242728283,1,0.01,0,0,1,1,1,1,0,1,1,0
"X9.12",0.324593608804473,13,9,0,0.161834242728283,1,0.01,0,0,1,1,1,1,0,1,1,0
"X10.12",0.425864657442689,13,10,0,0.161834242728283,1,0.01,0,0,1,1,1,1,0,1,1,0
"X1.13",-2.59036544040338,14,1,0,0.22140275816017,2,0.0512710963760241,0,1,0,1,1,1,1,1,0,0
"X2.13",0.302047229636733,14,2,0,0.22140275816017,2,0.105170918075648,0,1,0,1,1,1,1,1,0,0
"X3.13",0.856033385375399,14,3,0,0.22140275816017,2,0.161834242728283,0,1,0,1,1,1,1,1,0,0
"X4.13",-0.0438843406850717,14,4,0,0.22140275816017,2,0.22140275816017,0,1,0,1,1,1,1,1,0,0
"X5.13",1.33499109795922,14,5,0,0.22140275816017,2,0.284025416687741,0,1,0,1,1,1,1,1,0,0
"X6.13",1.47820798663355,14,6,0,0.22140275816017,2,0.349858807576003,0,1,0,1,1,1,1,1,0,0
"X7.13",4.08037265560417,14,7,0,0.22140275816017,2,0.419067548593257,0,1,0,1,1,1,1,1,0,0
"X8.13",0.661110866311521,14,8,0,0.22140275816017,2,0.49182469764127,0,1,0,1,1,1,1,1,0,0
"X9.13",2.03630027807081,14,9,0,0.22140275816017,2,0.568312185490169,0,1,0,1,1,1,1,1,0,0
"X10.13",2.00917897453567,14,10,0,0.22140275816017,2,0.648721270700128,0,1,0,1,1,1,1,1,0,0
"X1.14",-1.24985515148153,15,1,0,0.284025416687741,3,0.127496851579376,1,1,1,1,0,1,0,0,1,1
"X2.14",0.242893910305783,15,2,0,0.284025416687741,3,0.271249150321405,1,1,1,1,0,1,0,0,1,1
"X3.14",1.15538212616398,15,3,0,0.284025416687741,3,0.43332941456034,1,1,1,1,0,1,0,0,1,1
"X4.14",1.6002704232253,15,4,0,0.284025416687741,3,0.616074402192893,1,1,1,1,0,1,0,0,1,1
"X5.14",1.00114176186931,15,5,0,0.284025416687741,3,0.822118800390509,1,1,1,1,0,1,0,0,1,1
"X6.14",-0.33335909415651,15,6,0,0.284025416687741,3,1.05443321064389,1,1,1,1,0,1,0,0,1,1
"X7.14",1.89862744623657,15,7,0,0.284025416687741,3,1.31636697678109,1,1,1,1,0,1,0,0,1,1
"X8.14",1.70418611142962,15,8,0,0.284025416687741,3,1.61169647342312,1,1,1,1,0,1,0,0,1,1
"X9.14",0.975168694309877,15,9,0,0.284025416687741,3,1.94467955106552,1,1,1,1,0,1,0,0,1,1
"X10.14",3.35385555822526,15,10,0,0.284025416687741,3,2.32011692273655,1,1,1,1,0,1,0,0,1,1
"X1.15",2.39601870780049,16,1,0,0.349858807576003,3,0.127496851579376,0,1,0,1,1,1,1,1,0,1
"X2.15",0.943766912407926,16,2,0,0.349858807576003,3,0.271249150321405,0,1,0,1,1,1,1,1,0,1
"X3.15",-0.761630231325049,16,3,0,0.349858807576003,3,0.43332941456034,0,1,0,1,1,1,1,1,0,1
"X4.15",0.335152575772278,16,4,0,0.349858807576003,3,0.616074402192893,0,1,0,1,1,1,1,1,0,1
"X5.15",0.899303058097083,16,5,0,0.349858807576003,3,0.822118800390509,0,1,0,1,1,1,1,1,0,1
"X6.15",1.63491799034696,16,6,0,0.349858807576003,3,1.05443321064389,0,1,0,1,1,1,1,1,0,1
"X7.15",2.03765007059235,16,7,1,0.349858807576003,3,1.31636697678109,0,1,0,1,1,1,1,1,0,1
"X8.15",3.71596520216088,16,8,0,0.349858807576003,3,1.61169647342312,0,1,0,1,1,1,1,1,0,1
"X9.15",1.77558885197655,16,9,0,0.349858807576003,3,1.94467955106552,0,1,0,1,1,1,1,1,0,1
"X10.15",1.4497478425211,16,10,0,0.349858807576003,3,2.32011692273655,0,1,0,1,1,1,1,1,0,1
"X1.16",1.70065147886395,17,1,0,0.419067548593257,2,0.0512710963760241,0,1,0,1,0,0,1,0,0,1
"X2.16",-0.270825220696214,17,2,0,0.419067548593257,2,0.105170918075648,0,1,0,1,0,0,1,0,0,1
"X3.16",0.497140728281531,17,3,0,0.419067548593257,2,0.161834242728283,0,1,0,1,0,0,1,0,0,1
"X4.16",1.06987787681682,17,4,0,0.419067548593257,2,0.22140275816017,0,1,0,1,0,0,1,0,0,1
"X5.16",1.46273832856384,17,5,0,0.419067548593257,2,0.284025416687741,0,1,0,1,0,0,1,0,0,1
"X6.16",-0.319151514174133,17,6,0,0.419067548593257,2,0.349858807576003,0,1,0,1,0,0,1,0,0,1
"X7.16",2.44972071138028,17,7,0,0.419067548593257,2,0.419067548593257,0,1,0,1,0,0,1,0,0,1
"X8.16",0.80534307458257,17,8,1,0.419067548593257,2,0.49182469764127,0,1,0,1,0,0,1,0,0,1
"X9.16",0.101775828038613,17,9,0,0.419067548593257,2,0.568312185490169,0,1,0,1,0,0,1,0,0,1
"X10.16",2.17023968412498,17,10,0,0.419067548593257,2,0.648721270700128,0,1,0,1,0,0,1,0,0,1
"X1.17",-0.350022116824654,18,1,0,0.49182469764127,1,0.01,0,1,1,0,0,1,1,1,0,1
"X2.17",0.693976687527612,18,2,0,0.49182469764127,1,0.01,0,1,1,0,0,1,1,1,0,1
"X3.17",0.636099698584263,18,3,0,0.49182469764127,1,0.01,0,1,1,0,0,1,1,1,0,1
"X4.17",-2.35486481754271,18,4,0,0.49182469764127,1,0.01,0,1,1,0,0,1,1,1,0,1
"X5.17",0.218204917965856,18,5,0,0.49182469764127,1,0.01,0,1,1,0,0,1,1,1,0,1
"X6.17",1.41441504266542,18,6,0,0.49182469764127,1,0.01,0,1,1,0,0,1,1,1,0,1
"X7.17",1.02378155954666,18,7,0,0.49182469764127,1,0.01,0,1,1,0,0,1,1,1,0,1
"X8.17",0.38045899780541,18,8,0,0.49182469764127,1,0.01,0,1,1,0,0,1,1,1,0,1
"X9.17",-1.42177731395292,18,9,0,0.49182469764127,1,0.01,0,1,1,0,0,1,1,1,0,1
"X10.17",-0.62129861711405,18,10,0,0.49182469764127,1,0.01,0,1,1,0,0,1,1,1,0,1
"X1.18",-1.00883724867359,19,1,0,0.568312185490169,1,0.01,1,1,1,1,0,0,1,1,0,1
"X2.18",-0.266246141581641,19,2,0,0.568312185490169,1,0.01,1,1,1,1,0,0,1,1,0,1
"X3.18",-0.484322588568015,19,3,0,0.568312185490169,1,0.01,1,1,1,1,0,0,1,1,0,1
"X4.18",-1.1635121732405,19,4,0,0.568312185490169,1,0.01,1,1,1,1,0,0,1,1,0,1
"X5.18",0.875926113391653,19,5,0,0.568312185490169,1,0.01,1,1,1,1,0,0,1,1,0,1
"X6.18",1.20279259803415,19,6,0,0.568312185490169,1,0.01,1,1,1,1,0,0,1,1,0,1
"X7.18",0.272469888244858,19,7,0,0.568312185490169,1,0.01,1,1,1,1,0,0,1,1,0,1
"X8.18",1.23202272153301,19,8,0,0.568312185490169,1,0.01,1,1,1,1,0,0,1,1,0,1
"X9.18",-1.23585256822249,19,9,0,0.568312185490169,1,0.01,1,1,1,1,0,0,1,1,0,1
"X10.18",0.124074757630986,19,10,0,0.568312185490169,1,0.01,1,1,1,1,0,0,1,1,0,1
"X1.19",-1.07690779386585,20,1,0,0.648721270700128,3,0.127496851579376,1,0,0,0,0,1,0,1,1,0
"X2.19",0.288285009672157,20,2,0,0.648721270700128,3,0.271249150321405,1,0,0,0,0,1,0,1,1,0
"X3.19",0.705083720477217,20,3,0,0.648721270700128,3,0.43332941456034,1,0,0,0,0,1,0,1,1,0
"X4.19",3.14201013692379,20,4,0,0.648721270700128,3,0.616074402192893,1,0,0,0,0,1,0,1,1,0
"X5.19",-0.086189763724557,20,5,0,0.648721270700128,3,0.822118800390509,1,0,0,0,0,1,0,1,1,0
"X6.19",2.02410679685946,20,6,0,0.648721270700128,3,1.05443321064389,1,0,0,0,0,1,0,1,1,0
"X7.19",3.43836486542276,20,7,1,0.648721270700128,3,1.31636697678109,1,0,0,0,0,1,0,1,1,0
"X8.19",3.69723911038769,20,8,0,0.648721270700128,3,1.61169647342312,1,0,0,0,0,1,0,1,1,0
"X9.19",1.43050708000517,20,9,0,0.648721270700128,3,1.94467955106552,1,0,0,0,0,1,0,1,1,0
"X10.19",1.98697072005721,20,10,0,0.648721270700128,3,2.32011692273655,1,0,0,0,0,1,0,1,1,0
"X1.20",-1.65421931371324,21,1,0,0.127496851579376,1,0.01,1,0,1,0,1,1,0,0,0,0
"X2.20",-0.907100669398676,21,2,0,0.127496851579376,1,0.01,1,0,1,0,1,1,0,0,0,0
"X3.20",1.51091224541093,21,3,0,0.127496851579376,1,0.01,1,0,1,0,1,1,0,0,0,0
"X4.20",-1.21159760420216,21,4,0,0.127496851579376,1,0.01,1,0,1,0,1,1,0,0,0,0
"X5.20",0.702606475346283,21,5,0,0.127496851579376,1,0.01,1,0,1,0,1,1,0,0,0,0
"X6.20",0.321639248093848,21,6,0,0.127496851579376,1,0.01,1,0,1,0,1,1,0,0,0,0
"X7.20",1.59964029015043,21,7,0,0.127496851579376,1,0.01,1,0,1,0,1,1,0,0,0,0
"X8.20",-0.101692891840387,21,8,0,0.127496851579376,1,0.01,1,0,1,0,1,1,0,0,0,0
"X9.20",-1.51357227351648,21,9,0,0.127496851579376,1,0.01,1,0,1,0,1,1,0,0,0,0
"X10.20",0.151887602147322,21,10,0,0.127496851579376,1,0.01,1,0,1,0,1,1,0,0,0,0
"X1.21",1.65826351447328,22,1,0,0.271249150321405,2,0.0512710963760241,0,0,1,1,1,0,0,1,0,0
"X2.21",1.26396642964608,22,2,0,0.271249150321405,2,0.105170918075648,0,0,1,1,1,0,0,1,0,0
"X3.21",-0.249917898814619,22,3,0,0.271249150321405,2,0.161834242728283,0,0,1,1,1,0,0,1,0,0
"X4.21",-0.333280403323406,22,4,0,0.271249150321405,2,0.22140275816017,0,0,1,1,1,0,0,1,0,0
"X5.21",-1.22903747456366,22,5,0,0.271249150321405,2,0.284025416687741,0,0,1,1,1,0,0,1,0,0
"X6.21",1.74200401448942,22,6,0,0.271249150321405,2,0.349858807576003,0,0,1,1,1,0,0,1,0,0
"X7.21",0.387752384406465,22,7,0,0.271249150321405,2,0.419067548593257,0,0,1,1,1,0,0,1,0,0
"X8.21",0.976994692233642,22,8,0,0.271249150321405,2,0.49182469764127,0,0,1,1,1,0,0,1,0,0
"X9.21",0.347746379314305,22,9,0,0.271249150321405,2,0.568312185490169,0,0,1,1,1,0,0,1,0,0
"X10.21",0.470299832968658,22,10,0,0.271249150321405,2,0.648721270700128,0,0,1,1,1,0,0,1,0,0
"X1.22",-0.276658776127197,23,1,0,0.43332941456034,2,0.0512710963760241,0,0,1,0,1,1,1,0,1,0
"X2.22",-1.1307106609688,23,2,0,0.43332941456034,2,0.105170918075648,0,0,1,0,1,1,1,0,1,0
"X3.22",1.02196146032616,23,3,0,0.43332941456034,2,0.161834242728283,0,0,1,0,1,1,1,0,1,0
"X4.22",-0.389508738400773,23,4,0,0.43332941456034,2,0.22140275816017,0,0,1,0,1,1,1,0,1,0
"X5.22",0.615087302424213,23,5,0,0.43332941456034,2,0.284025416687741,0,0,1,0,1,1,1,0,1,0
"X6.22",-1.03231928718037,23,6,0,0.43332941456034,2,0.349858807576003,0,0,1,0,1,1,1,0,1,0
"X7.22",0.458994426727487,23,7,0,0.43332941456034,2,0.419067548593257,0,0,1,0,1,1,1,0,1,0
"X8.22",2.01695531824739,23,8,0,0.43332941456034,2,0.49182469764127,0,0,1,0,1,1,1,0,1,0
"X9.22",2.47831073568398,23,9,0,0.43332941456034,2,0.568312185490169,0,0,1,0,1,1,1,0,1,0
"X10.22",-0.616252523827382,23,10,0,0.43332941456034,2,0.648721270700128,0,0,1,0,1,1,1,0,1,0
"X1.23",0.0726691080604533,24,1,0,0.616074402192893,3,0.127496851579376,0,1,0,1,1,1,1,0,1,1
"X2.23",-0.349397932612587,24,2,0,0.616074402192893,3,0.271249150321405,0,1,0,1,1,1,1,0,1,1
"X3.23",1.97638377257556,24,3,0,0.616074402192893,3,0.43332941456034,0,1,0,1,1,1,1,0,1,1
"X4.23",0.595080966466487,24,4,0,0.616074402192893,3,0.616074402192893,0,1,0,1,1,1,1,0,1,1
"X5.23",1.32015183953621,24,5,0,0.616074402192893,3,0.822118800390509,0,1,0,1,1,1,1,0,1,1
"X6.23",2.22127407608238,24,6,0,0.616074402192893,3,1.05443321064389,0,1,0,1,1,1,1,0,1,1
"X7.23",1.31764640541934,24,7,0,0.616074402192893,3,1.31636697678109,0,1,0,1,1,1,1,0,1,1
"X8.23",1.80228431542853,24,8,1,0.616074402192893,3,1.61169647342312,0,1,0,1,1,1,1,0,1,1
"X9.23",1.42707792751586,24,9,0,0.616074402192893,3,1.94467955106552,0,1,0,1,1,1,1,0,1,1
"X10.23",3.78820607029151,24,10,0,0.616074402192893,3,2.32011692273655,0,1,0,1,1,1,1,0,1,1
"X1.24",-0.404180399063203,25,1,0,0.822118800390509,1,0.01,0,0,0,1,1,0,0,1,1,0
"X2.24",2.27554516160831,25,2,0,0.822118800390509,1,0.01,0,0,0,1,1,0,0,1,1,0
"X3.24",-1.57234877555732,25,3,0,0.822118800390509,1,0.01,0,0,0,1,1,0,0,1,1,0
"X4.24",0.128144598370077,25,4,0,0.822118800390509,1,0.01,0,0,0,1,1,0,0,1,1,0
"X5.24",1.29038019249146,25,5,0,0.822118800390509,1,0.01,0,0,0,1,1,0,0,1,1,0
"X6.24",1.23681537757317,25,6,0,0.822118800390509,1,0.01,0,0,0,1,1,0,0,1,1,0
"X7.24",1.13164063983997,25,7,0,0.822118800390509,1,0.01,0,0,0,1,1,0,0,1,1,0
"X8.24",0.204723242996962,25,8,0,0.822118800390509,1,0.01,0,0,0,1,1,0,0,1,1,0
"X9.24",0.973892936880643,25,9,0,0.822118800390509,1,0.01,0,0,0,1,1,0,0,1,1,0
"X10.24",2.09243781314832,25,10,0,0.822118800390509,1,0.01,0,0,0,1,1,0,0,1,1,0
"X1.25",-0.485619348508551,26,1,0,1.05443321064389,2,0.0512710963760241,1,1,0,1,0,1,0,0,1,0
"X2.25",-0.778023437239944,26,2,0,1.05443321064389,2,0.105170918075648,1,1,0,1,0,1,0,0,1,0
"X3.25",0.00625014507464415,26,3,0,1.05443321064389,2,0.161834242728283,1,1,0,1,0,1,0,0,1,0
"X4.25",-0.0707558421671572,26,4,0,1.05443321064389,2,0.22140275816017,1,1,0,1,0,1,0,0,1,0
"X5.25",1.21251423239324,26,5,0,1.05443321064389,2,0.284025416687741,1,1,0,1,0,1,0,0,1,0
"X6.25",0.844225409288392,26,6,0,1.05443321064389,2,0.349858807576003,1,1,0,1,0,1,0,0,1,0
"X7.25",1.04032638626162,26,7,0,1.05443321064389,2,0.419067548593257,1,1,0,1,0,1,0,0,1,0
"X8.25",1.40340063394075,26,8,0,1.05443321064389,2,0.49182469764127,1,1,0,1,0,1,0,0,1,0
"X9.25",-0.714663008397954,26,9,0,1.05443321064389,2,0.568312185490169,1,1,0,1,0,1,0,0,1,0
"X10.25",0.564698100390588,26,10,0,1.05443321064389,2,0.648721270700128,1,1,0,1,0,1,0,0,1,0
"X1.26",1.34248714065984,27,1,0,1.31636697678109,2,0.0512710963760241,0,0,1,1,1,0,1,0,1,0
"X2.26",0.719119845925591,27,2,0,1.31636697678109,2,0.105170918075648,0,0,1,1,1,0,1,0,1,0
"X3.26",0.0448118318188698,27,3,0,1.31636697678109,2,0.161834242728283,0,0,1,1,1,0,1,0,1,0
"X4.26",0.785799839030726,27,4,0,1.31636697678109,2,0.22140275816017,0,0,1,1,1,0,1,0,1,0
"X5.26",2.04585711655919,27,5,0,1.31636697678109,2,0.284025416687741,0,0,1,1,1,0,1,0,1,0
"X6.26",1.35618851745496,27,6,0,1.31636697678109,2,0.349858807576003,0,0,1,1,1,0,1,0,1,0
"X7.26",0.19990230473277,27,7,0,1.31636697678109,2,0.419067548593257,0,0,1,1,1,0,1,0,1,0
"X8.26",0.471322702290893,27,8,0,1.31636697678109,2,0.49182469764127,0,0,1,1,1,0,1,0,1,0
"X9.26",2.87809383500102,27,9,0,1.31636697678109,2,0.568312185490169,0,0,1,1,1,0,1,0,1,0
"X10.26",1.34054183252853,27,10,0,1.31636697678109,2,0.648721270700128,0,0,1,1,1,0,1,0,1,0
"X1.27",-0.838345278174004,28,1,0,1.61169647342312,2,0.0512710963760241,1,0,0,0,0,1,0,1,1,0
"X2.27",-1.22985374093801,28,2,0,1.61169647342312,2,0.105170918075648,1,0,0,0,0,1,0,1,1,0
"X3.27",0.412252902296926,28,3,0,1.61169647342312,2,0.161834242728283,1,0,0,0,0,1,0,1,1,0
"X4.27",-0.124921094962363,28,4,0,1.61169647342312,2,0.22140275816017,1,0,0,0,0,1,0,1,1,0
"X5.27",1.74715763737805,28,5,0,1.61169647342312,2,0.284025416687741,1,0,0,0,0,1,0,1,1,0
"X6.27",-0.747764036207055,28,6,0,1.61169647342312,2,0.349858807576003,1,0,0,0,0,1,0,1,1,0
"X7.27",-0.0459253041828356,28,7,0,1.61169647342312,2,0.419067548593257,1,0,0,0,0,1,0,1,1,0
"X8.27",-0.179899119676543,28,8,0,1.61169647342312,2,0.49182469764127,1,0,0,0,0,1,0,1,1,0
"X9.27",1.01805289193917,28,9,0,1.61169647342312,2,0.568312185490169,1,0,0,0,0,1,0,1,1,0
"X10.27",1.02335763385725,28,10,0,1.61169647342312,2,0.648721270700128,1,0,0,0,0,1,0,1,1,0
"X1.28",0.146428071394513,29,1,0,1.94467955106552,3,0.127496851579376,1,1,0,1,1,0,1,1,0,1
"X2.28",0.103580728281764,29,2,0,1.94467955106552,3,0.271249150321405,1,1,0,1,1,0,1,1,0,1
"X3.28",1.99325225825647,29,3,0,1.94467955106552,3,0.43332941456034,1,1,0,1,1,0,1,1,0,1
"X4.28",0.161545887910782,29,4,0,1.94467955106552,3,0.616074402192893,1,1,0,1,1,0,1,1,0,1
"X5.28",1.07050469488628,29,5,0,1.94467955106552,3,0.822118800390509,1,1,0,1,1,0,1,1,0,1
"X6.28",0.128779979023324,29,6,0,1.94467955106552,3,1.05443321064389,1,1,0,1,1,0,1,1,0,1
"X7.28",1.86439029180061,29,7,0,1.94467955106552,3,1.31636697678109,1,1,0,1,1,0,1,1,0,1
"X8.28",3.33990873902374,29,8,0,1.94467955106552,3,1.61169647342312,1,1,0,1,1,0,1,1,0,1
"X9.28",0.821442849241639,29,9,0,1.94467955106552,3,1.94467955106552,1,1,0,1,1,0,1,1,0,1
"X10.28",3.32713617498476,29,10,0,1.94467955106552,3,2.32011692273655,1,1,0,1,1,0,1,1,0,1
"X1.29",-0.103154543633927,30,1,0,2.32011692273655,2,0.0512710963760241,0,0,0,0,0,0,1,1,1,0
"X2.29",1.23391259411572,30,2,0,2.32011692273655,2,0.105170918075648,0,0,0,0,0,0,1,1,1,0
"X3.29",1.64999499485658,30,3,0,2.32011692273655,2,0.161834242728283,0,0,0,0,0,0,1,1,1,0
"X4.29",0.270608756565192,30,4,0,2.32011692273655,2,0.22140275816017,0,0,0,0,0,0,1,1,1,0
"X5.29",-0.980031160465246,30,5,0,2.32011692273655,2,0.284025416687741,0,0,0,0,0,0,1,1,1,0
"X6.29",-1.08536862572908,30,6,1,2.32011692273655,2,0.349858807576003,0,0,0,0,0,0,1,1,1,0
"X7.29",-1.59069092780675,30,7,0,2.32011692273655,2,0.419067548593257,0,0,0,0,0,0,1,1,1,0
"X8.29",1.78240715175061,30,8,0,2.32011692273655,2,0.49182469764127,0,0,0,0,0,0,1,1,1,0
"X9.29",-0.0724248978933797,30,9,0,2.32011692273655,2,0.568312185490169,0,0,0,0,0,0,1,1,1,0
"X10.29",0.479192384159356,30,10,0,2.32011692273655,2,0.648721270700128,0,0,0,0,0,0,1,1,1,0
"X1.30",0.918047250268245,31,1,0,NA,3,0.127496851579376,0,1,0,0,0,0,0,1,0,0
"X2.30",-0.85519604942115,31,2,0,NA,3,0.271249150321405,0,1,0,0,0,0,0,1,0,0
"X3.30",-0.179037041780611,31,3,1,NA,3,0.43332941456034,0,1,0,0,0,0,0,1,0,0
"X4.30",1.05783398578866,31,4,0,NA,3,0.616074402192893,0,1,0,0,0,0,0,1,0,0
"X5.30",0.691347001083569,31,5,0,NA,3,0.822118800390509,0,1,0,0,0,0,0,1,0,0
"X6.30",0.785138446072811,31,6,0,NA,3,1.05443321064389,0,1,0,0,0,0,0,1,0,0
"X7.30",2.04971719959979,31,7,0,NA,3,1.31636697678109,0,1,0,0,0,0,0,1,0,0
"X8.30",1.66799911989023,31,8,0,NA,3,1.61169647342312,0,1,0,0,0,0,0,1,0,0
"X9.30",1.17246805691774,31,9,0,NA,3,1.94467955106552,0,1,0,0,0,0,0,1,0,0
"X10.30",3.64519928927843,31,10,0,NA,3,2.32011692273655,0,1,0,0,0,0,0,1,0,0
"X1.31",1.48225164780945,32,1,0,NA,1,0.01,0,0,1,1,0,1,1,0,1,0
"X2.31",-0.0986243497552905,32,2,0,NA,1,0.01,0,0,1,1,0,1,1,0,1,0
"X3.31",0.0513610467994179,32,3,0,NA,1,0.01,0,0,1,1,0,1,1,0,1,0
"X4.31",-0.913106151130401,32,4,0,NA,1,0.01,0,0,1,1,0,1,1,0,1,0
"X5.31",-2.4421247106897,32,5,1,NA,1,0.01,0,0,1,1,0,1,1,0,1,0
"X6.31",-0.506925634184641,32,6,0,NA,1,0.01,0,0,1,1,0,1,1,0,1,0
"X7.31",-0.100813491289894,32,7,0,NA,1,0.01,0,0,1,1,0,1,1,0,1,0
"X8.31",1.0337962143483,32,8,0,NA,1,0.01,0,0,1,1,0,1,1,0,1,0
"X9.31",-1.7628737352411,32,9,0,NA,1,0.01,0,0,1,1,0,1,1,0,1,0
"X10.31",1.10626174849385,32,10,0,NA,1,0.01,0,0,1,1,0,1,1,0,1,0
"X1.32",0.125386442548764,33,1,0,NA,2,0.0512710963760241,0,1,1,1,0,1,1,0,0,0
"X2.32",-0.630120161187363,33,2,0,NA,2,0.105170918075648,0,1,1,1,0,1,1,0,0,0
"X3.32",0.517246385921565,33,3,0,NA,2,0.161834242728283,0,1,1,1,0,1,1,0,0,0
"X4.32",-0.0895206174605696,33,4,0,NA,2,0.22140275816017,0,1,1,1,0,1,1,0,0,0
"X5.32",-1.12387160162428,33,5,0,NA,2,0.284025416687741,0,1,1,1,0,1,1,0,0,0
"X6.32",0.0399025126600827,33,6,0,NA,2,0.349858807576003,0,1,1,1,0,1,1,0,0,0
"X7.32",0.31179017836519,33,7,0,NA,2,0.419067548593257,0,1,1,1,0,1,1,0,0,0
"X8.32",0.253317816042392,33,8,0,NA,2,0.49182469764127,0,1,1,1,0,1,1,0,0,0
"X9.32",1.87894883197459,33,9,0,NA,2,0.568312185490169,0,1,1,1,0,1,1,0,0,0
"X10.32",1.40179345028676,33,10,0,NA,2,0.648721270700128,0,1,1,1,0,1,1,0,0,0
"X1.33",-0.588379879083457,34,1,0,NA,2,0.0512710963760241,1,1,1,1,1,1,0,1,1,1
"X2.33",-0.310098478638931,34,2,0,NA,2,0.105170918075648,1,1,1,1,1,1,0,1,1,1
"X3.33",-0.381803840358703,34,3,0,NA,2,0.161834242728283,1,1,1,1,1,1,0,1,1,1
"X4.33",0.732290827768505,34,4,1,NA,2,0.22140275816017,1,1,1,1,1,1,0,1,1,1
"X5.33",1.10724045129595,34,5,0,NA,2,0.284025416687741,1,1,1,1,1,1,0,1,1,1
"X6.33",-0.701128408646969,34,6,0,NA,2,0.349858807576003,1,1,1,1,1,1,0,1,1,1
"X7.33",-1.42440311804978,34,7,0,NA,2,0.419067548593257,1,1,1,1,1,1,0,1,1,1
"X8.33",0.695655907771822,34,8,0,NA,2,0.49182469764127,1,1,1,1,1,1,0,1,1,1
"X9.33",0.608490531783389,34,9,0,NA,2,0.568312185490169,1,1,1,1,1,1,0,1,1,1
"X10.33",1.48217931811666,34,10,0,NA,2,0.648721270700128,1,1,1,1,1,1,0,1,1,1
"X1.34",0.446899787728546,35,1,0,NA,1,0.01,0,1,0,0,1,0,0,0,0,1
"X2.34",0.0380573923167532,35,2,0,NA,1,0.01,0,1,0,0,1,0,0,0,0,1
"X3.34",0.380268755691614,35,3,0,NA,1,0.01,0,1,0,0,1,0,0,0,0,1
"X4.34",2.02016984916813,35,4,0,NA,1,0.01,0,1,0,0,1,0,0,0,0,1
"X5.34",1.83961008288023,35,5,0,NA,1,0.01,0,1,0,0,1,0,0,0,0,1
"X6.34",-1.05898764084147,35,6,0,NA,1,0.01,0,1,0,0,1,0,0,0,0,1
"X7.34",1.04599278152121,35,7,0,NA,1,0.01,0,1,0,0,1,0,0,0,0,1
"X8.34",0.540195000767348,35,8,0,NA,1,0.01,0,1,0,0,1,0,0,0,0,1
"X9.34",-0.488578267770138,35,9,0,NA,1,0.01,0,1,0,0,1,0,0,0,0,1
"X10.34",-1.03625342738308,35,10,0,NA,1,0.01,0,1,0,0,1,0,0,0,0,1
"X1.35",-1.05121722774262,36,1,0,NA,2,0.0512710963760241,0,1,0,0,0,1,0,1,1,0
"X2.35",-0.151867043586315,36,2,0,NA,2,0.105170918075648,0,1,0,0,0,1,0,1,1,0
"X3.35",1.08655786034442,36,3,0,NA,2,0.161834242728283,0,1,0,0,0,1,0,1,1,0
"X4.35",0.220382561250674,36,4,0,NA,2,0.22140275816017,0,1,0,0,0,1,0,1,1,0
"X5.35",0.842779060361438,36,5,0,NA,2,0.284025416687741,0,1,0,0,0,1,0,1,1,0
"X6.35",-0.252159458444901,36,6,0,NA,2,0.349858807576003,0,1,0,0,0,1,0,1,1,0
"X7.35",0.690098414011149,36,7,0,NA,2,0.419067548593257,0,1,0,0,0,1,0,1,1,0
"X8.35",0.748115123364782,36,8,0,NA,2,0.49182469764127,0,1,0,0,0,1,0,1,1,0
"X9.35",1.03480476752375,36,9,0,NA,2,0.568312185490169,0,1,0,0,0,1,0,1,1,0
"X10.35",0.70077285089704,36,10,1,NA,2,0.648721270700128,0,1,0,0,0,1,0,1,1,0
"X1.36",-2.34061766032649,37,1,0,NA,1,0.01,1,1,0,1,0,0,0,0,0,1
"X2.36",2.45842134486482,37,2,0,NA,1,0.01,1,1,0,1,0,0,0,0,0,1
"X3.36",-0.513174160297075,37,3,0,NA,1,0.01,1,1,0,1,0,0,0,0,0,1
"X4.36",-0.288498064913202,37,4,0,NA,1,0.01,1,1,0,1,0,0,0,0,0,1
"X5.36",1.00437798895425,37,5,0,NA,1,0.01,1,1,0,1,0,0,0,0,0,1
"X6.36",-2.65656519181815,37,6,0,NA,1,0.01,1,1,0,1,0,0,0,0,0,1
"X7.36",0.731751600587094,37,7,0,NA,1,0.01,1,1,0,1,0,0,0,0,0,1
"X8.36",1.10783876116976,37,8,0,NA,1,0.01,1,1,0,1,0,0,0,0,0,1
"X9.36",-0.156902832297161,37,9,0,NA,1,0.01,1,1,0,1,0,0,0,0,0,1
"X10.36",0.527964558428541,37,10,0,NA,1,0.01,1,1,0,1,0,0,0,0,0,1
"X1.37",-0.931121809548806,38,1,0,NA,2,0.0512710963760241,1,1,1,1,0,0,1,0,0,1
"X2.37",1.12837763503678,38,2,0,NA,2,0.105170918075648,1,1,1,1,0,0,1,0,0,1
"X3.37",1.25231986405975,38,3,0,NA,2,0.161834242728283,1,1,1,1,0,0,1,0,0,1
"X4.37",-0.129386610102098,38,4,0,NA,2,0.22140275816017,1,1,1,1,0,0,1,0,0,1
"X5.37",0.0743633187207839,38,5,0,NA,2,0.284025416687741,1,1,1,1,0,0,1,0,0,1
"X6.37",0.315456045445692,38,6,0,NA,2,0.349858807576003,1,1,1,1,0,0,1,0,0,1
"X7.37",-2.22753418926487,38,7,0,NA,2,0.419067548593257,1,1,1,1,0,0,1,0,0,1
"X8.37",1.19308092437863,38,8,0,NA,2,0.49182469764127,1,1,1,1,0,0,1,0,0,1
"X9.37",0.914359575180076,38,9,0,NA,2,0.568312185490169,1,1,1,1,0,0,1,0,0,1
"X10.37",0.530017797039551,38,10,0,NA,2,0.648721270700128,1,1,1,1,0,0,1,0,0,1
"X1.38",0.0799281298748909,39,1,0,NA,2,0.0512710963760241,0,1,1,1,0,0,0,0,0,0
"X2.38",-1.20135476909249,39,2,0,NA,2,0.105170918075648,0,1,1,1,0,0,0,0,0,0
"X3.38",1.2291065870418,39,3,0,NA,2,0.161834242728283,0,1,1,1,0,0,0,0,0,0
"X4.38",0.435640726446469,39,4,0,NA,2,0.22140275816017,0,1,1,1,0,0,0,0,0,0
"X5.38",0.57977957642713,39,5,0,NA,2,0.284025416687741,0,1,1,1,0,0,0,0,0,0
"X6.38",-0.00294290851365725,39,6,0,NA,2,0.349858807576003,0,1,1,1,0,0,0,0,0,0
"X7.38",0.397936614961045,39,7,0,NA,2,0.419067548593257,0,1,1,1,0,0,0,0,0,0
"X8.38",0.962428907384078,39,8,0,NA,2,0.49182469764127,0,1,1,1,0,0,0,0,0,0
"X9.38",2.55815207594328,39,9,0,NA,2,0.568312185490169,0,1,1,1,0,0,0,0,0,0
"X10.38",-1.3397692179649,39,10,0,NA,2,0.648721270700128,0,1,1,1,0,0,0,0,0,0
"X1.39",-0.386454504927142,40,1,0,NA,1,0.01,0,0,1,1,1,0,1,0,1,1
"X2.39",-0.0304873621076053,40,2,0,NA,1,0.01,0,0,1,1,1,0,1,0,1,1
"X3.39",1.29655137374331,40,3,0,NA,1,0.01,0,0,1,1,1,0,1,0,1,1
"X4.39",0.546470426114919,40,4,0,NA,1,0.01,0,0,1,1,1,0,1,0,1,1
"X5.39",-0.558074367244274,40,5,0,NA,1,0.01,0,0,1,1,1,0,1,0,1,1
"X6.39",-1.46165071174321,40,6,0,NA,1,0.01,0,0,1,1,1,0,1,0,1,1
"X7.39",0.583091023073384,40,7,0,NA,1,0.01,0,0,1,1,1,0,1,0,1,1
"X8.39",-0.742011174899462,40,8,0,NA,1,0.01,0,0,1,1,1,0,1,0,1,1
"X9.39",-0.233307608396912,40,9,0,NA,1,0.01,0,0,1,1,1,0,1,0,1,1
"X10.39",0.368949712207809,40,10,0,NA,1,0.01,0,0,1,1,1,0,1,0,1,1
"X1.40",0.391063993915189,41,1,0,NA,1,0.01,1,1,1,0,1,0,1,1,0,0
"X2.40",-0.120847830223871,41,2,0,NA,1,0.01,1,1,1,0,1,0,1,1,0,0
"X3.40",0.26968831259244,41,3,1,NA,1,0.01,1,1,1,0,1,0,1,1,0,0
"X4.40",-3.25638380239422,41,4,0,NA,1,0.01,1,1,1,0,1,0,1,1,0,0
"X5.40",0.971938836313566,41,5,0,NA,1,0.01,1,1,1,0,1,0,1,1,0,0
"X6.40",0.70232792866888,41,6,0,NA,1,0.01,1,1,1,0,1,0,1,1,0,0
"X7.40",0.457579054559906,41,7,0,NA,1,0.01,1,1,1,0,1,0,1,1,0,0
"X8.40",-0.872676808734981,41,8,0,NA,1,0.01,1,1,1,0,1,0,1,1,0,0
"X9.40",0.850686326076091,41,9,0,NA,1,0.01,1,1,1,0,1,0,1,1,0,0
"X10.40",1.36082222762569,41,10,0,NA,1,0.01,1,1,1,0,1,0,1,1,0,0
"X1.41",0.0821661179477364,42,1,0,NA,1,0.01,0,1,0,1,1,0,1,1,1,0
"X2.41",1.4877417319539,42,2,0,NA,1,0.01,0,1,0,1,1,0,1,1,1,0
"X3.41",-0.685913546034632,42,3,0,NA,1,0.01,0,1,0,1,1,0,1,1,1,0
"X4.41",-0.218946718915001,42,4,0,NA,1,0.01,0,1,0,1,1,0,1,1,1,0
"X5.41",0.285380534212728,42,5,0,NA,1,0.01,0,1,0,1,1,0,1,1,1,0
"X6.41",-0.381303432647585,42,6,0,NA,1,0.01,0,1,0,1,1,0,1,1,1,0
"X7.41",-0.448158208749648,42,7,0,NA,1,0.01,0,1,0,1,1,0,1,1,1,0
"X8.41",0.24852125793391,42,8,0,NA,1,0.01,0,1,0,1,1,0,1,1,1,0
"X9.41",-0.508234770212456,42,9,0,NA,1,0.01,0,1,0,1,1,0,1,1,1,0
"X10.41",1.59045080650536,42,10,0,NA,1,0.01,0,1,0,1,1,0,1,1,1,0
"X1.42",-0.963731163286383,43,1,0,NA,2,0.0512710963760241,1,0,0,0,0,0,0,1,0,0
"X2.42",-0.15631573689485,43,2,0,NA,2,0.105170918075648,1,0,0,0,0,0,0,1,0,0
"X3.42",0.0830001092676455,43,3,0,NA,2,0.161834242728283,1,0,0,0,0,0,0,1,0,0
"X4.42",-0.411148239660002,43,4,0,NA,2,0.22140275816017,1,0,0,0,0,0,0,1,0,0
"X5.42",1.12503088033781,43,5,0,NA,2,0.284025416687741,1,0,0,0,0,0,0,1,0,0
"X6.42",-1.72702988854132,43,6,1,NA,2,0.349858807576003,1,0,0,0,0,0,0,1,0,0
"X7.42",1.02240472366753,43,7,0,NA,2,0.419067548593257,1,0,0,0,0,0,0,1,0,0
"X8.42",-0.421297491660462,43,8,0,NA,2,0.49182469764127,1,0,0,0,0,0,0,1,0,0
"X9.42",0.46576748072921,43,9,0,NA,2,0.568312185490169,1,0,0,0,0,0,0,1,0,0
"X10.42",0.13284438009911,43,10,0,NA,2,0.648721270700128,1,0,0,0,0,0,0,1,0,0
"X1.43",-2.2203837506918,44,1,0,NA,1,0.01,0,1,1,1,1,1,0,1,1,1
"X2.43",-1.07709641096448,44,2,0,NA,1,0.01,0,1,1,1,1,1,0,1,1,1
"X3.43",-0.781801934565956,44,3,0,NA,1,0.01,0,1,1,1,1,1,0,1,1,1
"X4.43",-0.145143090484711,44,4,0,NA,1,0.01,0,1,1,1,1,1,0,1,1,1
"X5.43",-0.423803393585394,44,5,0,NA,1,0.01,0,1,1,1,1,1,0,1,1,1
"X6.43",-1.48848202470928,44,6,0,NA,1,0.01,0,1,1,1,1,1,0,1,1,1
"X7.43",-0.320689093375642,44,7,0,NA,1,0.01,0,1,1,1,1,1,0,1,1,1
"X8.43",0.954011021053212,44,8,0,NA,1,0.01,0,1,1,1,1,1,0,1,1,1
"X9.43",-0.185314857748322,44,9,0,NA,1,0.01,0,1,1,1,1,1,0,1,1,1
"X10.43",0.69900670722547,44,10,0,NA,1,0.01,0,1,1,1,1,1,0,1,1,1
"X1.44",0.725556898222777,45,1,0,NA,1,0.01,0,1,0,1,1,1,0,1,1,0
"X2.44",0.466655636368454,45,2,0,NA,1,0.01,0,1,0,1,1,1,0,1,1,0
"X3.44",1.03530484539933,45,3,0,NA,1,0.01,0,1,0,1,1,1,0,1,1,0
"X4.44",0.661934056151285,45,4,0,NA,1,0.01,0,1,0,1,1,1,0,1,1,0
"X5.44",-0.779978335886815,45,5,0,NA,1,0.01,0,1,0,1,1,1,0,1,1,0
"X6.44",-0.285195737683807,45,6,0,NA,1,0.01,0,1,0,1,1,1,0,1,1,0
"X7.44",0.0411364932621456,45,7,0,NA,1,0.01,0,1,0,1,1,1,0,1,1,0
"X8.44",0.420926881742731,45,8,0,NA,1,0.01,0,1,0,1,1,1,0,1,1,0
"X9.44",-1.12017129250031,45,9,0,NA,1,0.01,0,1,0,1,1,1,0,1,1,0
"X10.44",0.728789550542089,45,10,0,NA,1,0.01,0,1,0,1,1,1,0,1,1,0
"X1.45",0.856680702368661,46,1,0,NA,1,0.01,0,1,1,0,1,1,0,0,1,1
"X2.45",0.349019524617528,46,2,0,NA,1,0.01,0,1,1,0,1,1,0,0,1,1
"X3.45",-0.540065426816076,46,3,0,NA,1,0.01,0,1,1,0,1,1,0,0,1,1
"X4.45",0.350134081064596,46,4,0,NA,1,0.01,0,1,1,0,1,1,0,0,1,1
"X5.45",1.25825220820373,46,5,0,NA,1,0.01,0,1,1,0,1,1,0,0,1,1
"X6.45",1.37445688332545,46,6,0,NA,1,0.01,0,1,1,0,1,1,0,0,1,1
"X7.45",-0.402581819907799,46,7,0,NA,1,0.01,0,1,1,0,1,1,0,0,1,1
"X8.45",1.87918602865728,46,8,0,NA,1,0.01,0,1,1,0,1,1,0,0,1,1
"X9.45",1.04424616463485,46,9,0,NA,1,0.01,0,1,1,0,1,1,0,0,1,1
"X10.45",1.11331178795962,46,10,0,NA,1,0.01,0,1,1,0,1,1,0,0,1,1
"X1.46",-1.613091877051,47,1,0,NA,1,0.01,1,0,1,1,1,1,1,1,1,1
"X2.46",0.950033937215153,47,2,0,NA,1,0.01,1,0,1,1,1,1,1,1,1,1
"X3.46",-0.548172655153774,47,3,0,NA,1,0.01,1,0,1,1,1,1,1,1,1,1
"X4.46",2.38012072722756,47,4,0,NA,1,0.01,1,0,1,1,1,1,1,1,1,1
"X5.46",0.922015573958411,47,5,0,NA,1,0.01,1,0,1,1,1,1,1,1,1,1
"X6.46",1.35871002367305,47,6,0,NA,1,0.01,1,0,1,1,1,1,1,1,1,1
"X7.46",0.681773097807202,47,7,0,NA,1,0.01,1,0,1,1,1,1,1,1,1,1
"X8.46",-0.00392103122430383,47,8,0,NA,1,0.01,1,0,1,1,1,1,1,1,1,1
"X9.46",0.639995642468709,47,9,0,NA,1,0.01,1,0,1,1,1,1,1,1,1,1
"X10.46",0.877856286543502,47,10,0,NA,1,0.01,1,0,1,1,1,1,1,1,1,1
"X1.47",0.312026793037921,48,1,0,NA,2,0.0512710963760241,0,0,0,0,0,1,0,0,1,1
"X2.47",-0.168901270622373,48,2,0,NA,2,0.105170918075648,0,0,0,0,0,1,0,0,1,1
"X3.47",0.0564999892702719,48,3,0,NA,2,0.161834242728283,0,0,0,0,0,1,0,0,1,1
"X4.47",2.31695066727214,48,4,0,NA,2,0.22140275816017,0,0,0,0,0,1,0,0,1,1
"X5.47",-0.466523157755394,48,5,0,NA,2,0.284025416687741,0,0,0,0,0,1,0,0,1,1
"X6.47",0.0744678043591515,48,6,0,NA,2,0.349858807576003,0,0,0,0,0,1,0,0,1,1
"X7.47",3.90236712818126,48,7,0,NA,2,0.419067548593257,0,0,0,0,0,1,0,0,1,1
"X8.47",-0.505358178093043,48,8,0,NA,2,0.49182469764127,0,0,0,0,0,1,0,0,1,1
"X9.47",-0.469943954536373,48,9,1,NA,2,0.568312185490169,0,0,0,0,0,1,0,0,1,1
"X10.47",1.07318973422001,48,10,0,NA,2,0.648721270700128,0,0,0,0,0,1,0,0,1,1
"X1.48",-1.5949488545399,49,1,0,NA,1,0.01,1,1,0,0,0,1,0,1,1,1
"X2.48",-0.913848790621493,49,2,0,NA,1,0.01,1,1,0,0,0,1,0,1,1,1
"X3.48",0.893249662448,49,3,0,NA,1,0.01,1,1,0,0,0,1,0,1,1,1
"X4.48",0.658097211285829,49,4,0,NA,1,0.01,1,1,0,0,0,1,0,1,1,1
"X5.48",-1.7267413367623,49,5,0,NA,1,0.01,1,1,0,0,0,1,0,1,1,1
"X6.48",-0.479305386873996,49,6,0,NA,1,0.01,1,1,0,0,0,1,0,1,1,1
"X7.48",0.0791598818503846,49,7,0,NA,1,0.01,1,1,0,0,0,1,0,1,1,1
"X8.48",0.255689767547624,49,8,0,NA,1,0.01,1,1,0,0,0,1,0,1,1,1
"X9.48",1.56565288245621,49,9,0,NA,1,0.01,1,1,0,0,0,1,0,1,1,1
"X10.48",-2.10547622773018,49,10,0,NA,1,0.01,1,1,0,0,0,1,0,1,1,1
"X1.49",-0.430398446400203,50,1,0,NA,2,0.0512710963760241,1,1,0,1,0,0,0,1,0,1
"X2.49",-0.227326400456112,50,2,0,NA,2,0.105170918075648,1,1,0,1,0,0,0,1,0,1
"X3.49",-1.70083747574521,50,3,0,NA,2,0.161834242728283,1,1,0,1,0,0,0,1,0,1
"X4.49",0.0206830113422024,50,4,0,NA,2,0.22140275816017,1,1,0,1,0,0,0,1,0,1
"X5.49",0.54304979596349,50,5,0,NA,2,0.284025416687741,1,1,0,1,0,0,0,1,0,1
"X6.49",1.36718379891378,50,6,0,NA,2,0.349858807576003,1,1,0,1,0,0,0,1,0,1
"X7.49",1.04141109676197,50,7,0,NA,2,0.419067548593257,1,1,0,1,0,0,0,1,0,1
"X8.49",-0.462967214652813,50,8,0,NA,2,0.49182469764127,1,1,0,1,0,0,0,1,0,1
"X9.49",0.534237003847772,50,9,0,NA,2,0.568312185490169,1,1,0,1,0,0,0,1,0,1
"X10.49",1.86860047064952,50,10,0,NA,2,0.648721270700128,1,1,0,1,0,0,0,1,0,1
"X1.50",1.31677764430148,51,1,0,NA,1,0.01,1,0,1,1,1,1,1,0,1,0
"X2.50",1.43325932649667,51,2,0,NA,1,0.01,1,0,1,1,1,1,1,0,1,0
"X3.50",1.31236258499952,51,3,0,NA,1,0.01,1,0,1,1,1,1,1,0,1,0
"X4.50",-0.847313314630909,51,4,0,NA,1,0.01,1,0,1,1,1,1,1,0,1,0
"X5.50",-2.98138060511515,51,5,0,NA,1,0.01,1,0,1,1,1,1,1,0,1,0
"X6.50",0.0645556939120852,51,6,0,NA,1,0.01,1,0,1,1,1,1,1,0,1,0
"X7.50",0.00292166757388173,51,7,0,NA,1,0.01,1,0,1,1,1,1,1,0,1,0
"X8.50",1.08429943607331,51,8,0,NA,1,0.01,1,0,1,1,1,1,1,0,1,0
"X9.50",-2.32039760809559,51,9,0,NA,1,0.01,1,0,1,1,1,1,1,0,1,0
"X10.50",1.09154252442559,51,10,0,NA,1,0.01,1,0,1,1,1,1,1,0,1,0
"X1.51",-1.8958586394567,52,1,0,NA,2,0.0512710963760241,1,0,0,0,0,0,1,0,0,1
"X2.51",-0.045965614754552,52,2,0,NA,2,0.105170918075648,1,0,0,0,0,0,1,0,0,1
"X3.51",1.32417548166963,52,3,0,NA,2,0.161834242728283,1,0,0,0,0,0,1,0,0,1
"X4.51",1.46935513234497,52,4,0,NA,2,0.22140275816017,1,0,0,0,0,0,1,0,0,1
"X5.51",1.74135197950695,52,5,0,NA,2,0.284025416687741,1,0,0,0,0,0,1,0,0,1
"X6.51",-0.0836640805262673,52,6,0,NA,2,0.349858807576003,1,0,0,0,0,0,1,0,0,1
"X7.51",1.57124490109464,52,7,0,NA,2,0.419067548593257,1,0,0,0,0,0,1,0,0,1
"X8.51",0.591714367310015,52,8,0,NA,2,0.49182469764127,1,0,0,0,0,0,1,0,0,1
"X9.51",0.976667548675123,52,9,0,NA,2,0.568312185490169,1,0,0,0,0,0,1,0,0,1
"X10.51",0.478644741784506,52,10,0,NA,2,0.648721270700128,1,0,0,0,0,0,1,0,0,1
"X1.52",0.214809304397189,53,1,0,NA,2,0.0512710963760241,0,0,1,1,1,1,1,0,0,0
"X2.52",0.561271648075231,53,2,1,NA,2,0.105170918075648,0,0,1,1,1,1,1,0,0,0
"X3.52",-0.00516865194760291,53,3,0,NA,2,0.161834242728283,0,0,1,1,1,1,1,0,0,0
"X4.52",0.222067658334957,53,4,0,NA,2,0.22140275816017,0,0,1,1,1,1,1,0,0,0
"X5.52",2.30488893278923,53,5,0,NA,2,0.284025416687741,0,0,1,1,1,1,1,0,0,0
"X6.52",-0.857893361925336,53,6,0,NA,2,0.349858807576003,0,0,1,1,1,1,1,0,0,0
"X7.52",1.56526516102029,53,7,0,NA,2,0.419067548593257,0,0,1,1,1,1,1,0,0,0
"X8.52",1.40970692539464,53,8,0,NA,2,0.49182469764127,0,0,1,1,1,1,1,0,0,0
"X9.52",-0.301023191140144,53,9,0,NA,2,0.568312185490169,0,0,1,1,1,1,1,0,0,0
"X10.52",-0.00149837569970079,53,10,0,NA,2,0.648721270700128,0,0,1,1,1,1,1,0,0,0
"X1.53",-0.82695995698831,54,1,0,NA,2,0.0512710963760241,0,1,0,1,0,0,0,1,1,0
"X2.53",-0.746658996006001,54,2,0,NA,2,0.105170918075648,0,1,0,1,0,0,0,1,1,0
"X3.53",-0.73731702444095,54,3,0,NA,2,0.161834242728283,0,1,0,1,0,0,0,1,1,0
"X4.53",-1.29940441625982,54,4,0,NA,2,0.22140275816017,0,1,0,1,0,0,0,1,1,0
"X5.53",0.633091849425406,54,5,0,NA,2,0.284025416687741,0,1,0,1,0,0,0,1,1,0
"X6.53",0.692972775766412,54,6,0,NA,2,0.349858807576003,0,1,0,1,0,0,0,1,1,0
"X7.53",1.26188013045322,54,7,0,NA,2,0.419067548593257,0,1,0,1,0,0,0,1,1,0
"X8.53",1.77881068007229,54,8,0,NA,2,0.49182469764127,0,1,0,1,0,0,0,1,1,0
"X9.53",-1.45391273188208,54,9,0,NA,2,0.568312185490169,0,1,0,1,0,0,0,1,1,0
"X10.53",0.450592795878266,54,10,0,NA,2,0.648721270700128,0,1,0,1,0,0,0,1,1,0
"X1.54",-0.389022760090691,55,1,0,NA,2,0.0512710963760241,0,1,0,1,1,1,0,0,1,1
"X2.54",-1.56599882431169,55,2,0,NA,2,0.105170918075648,0,1,0,1,1,1,0,0,1,1
"X3.54",-0.782082881829708,55,3,0,NA,2,0.161834242728283,0,1,0,1,1,1,0,0,1,1
"X4.54",-0.595632602624851,55,4,0,NA,2,0.22140275816017,0,1,0,1,1,1,0,0,1,1
"X5.54",-0.453399358443429,55,5,1,NA,2,0.284025416687741,0,1,0,1,1,1,0,0,1,1
"X6.54",2.22968416920787,55,6,0,NA,2,0.349858807576003,0,1,0,1,1,1,0,0,1,1
"X7.54",-1.48525886644343,55,7,0,NA,2,0.419067548593257,0,1,0,1,1,1,0,0,1,1
"X8.54",-0.797205447960889,55,8,0,NA,2,0.49182469764127,0,1,0,1,1,1,0,0,1,1
"X9.54",0.803851310138232,55,9,0,NA,2,0.568312185490169,0,1,0,1,1,1,0,0,1,1
"X10.54",1.8675152291457,55,10,0,NA,2,0.648721270700128,0,1,0,1,1,1,0,0,1,1
"X1.55",-0.533788129095956,56,1,0,NA,3,0.127496851579376,1,0,1,1,0,0,1,1,1,1
"X2.55",0.255337556751046,56,2,0,NA,3,0.271249150321405,1,0,1,1,0,0,1,1,1,1
"X3.55",-0.58474863645217,56,3,0,NA,3,0.43332941456034,1,0,1,1,0,0,1,1,1,1
"X4.55",1.14622448344608,56,4,0,NA,3,0.616074402192893,1,0,1,1,0,0,1,1,1,1
"X5.55",1.89289247164255,56,5,0,NA,3,0.822118800390509,1,0,1,1,0,0,1,1,1,1
"X6.55",-0.774748636811985,56,6,0,NA,3,1.05443321064389,1,0,1,1,0,0,1,1,1,1
"X7.55",3.30313541928875,56,7,0,NA,3,1.31636697678109,1,0,1,1,0,0,1,1,1,1
"X8.55",2.40023849387869,56,8,0,NA,3,1.61169647342312,1,0,1,1,0,0,1,1,1,1
"X9.55",1.10202228931717,56,9,0,NA,3,1.94467955106552,1,0,1,1,0,0,1,1,1,1
"X10.55",3.73396155372573,56,10,1,NA,3,2.32011692273655,1,0,1,1,0,0,1,1,1,1
"X1.56",1.06727927612264,57,1,0,NA,1,0.01,0,0,0,0,0,1,1,0,1,1
"X2.56",-0.425194123603968,57,2,0,NA,1,0.01,0,0,0,0,0,1,1,0,1,1
"X3.56",0.689173960709782,57,3,0,NA,1,0.01,0,0,0,0,0,1,1,0,1,1
"X4.56",0.965024802086183,57,4,0,NA,1,0.01,0,0,0,0,0,1,1,0,1,1
"X5.56",-0.196060841822866,57,5,0,NA,1,0.01,0,0,0,0,0,1,1,0,1,1
"X6.56",-1.27827506179128,57,6,0,NA,1,0.01,0,0,0,0,0,1,1,0,1,1
"X7.56",-1.39815410810386,57,7,0,NA,1,0.01,0,0,0,0,0,1,1,0,1,1
"X8.56",0.507782122799384,57,8,0,NA,1,0.01,0,0,0,0,0,1,1,0,1,1
"X9.56",-1.01772224282534,57,9,0,NA,1,0.01,0,0,0,0,0,1,1,0,1,1
"X10.56",-0.502677259890273,57,10,0,NA,1,0.01,0,0,0,0,0,1,1,0,1,1
"X1.57",0.181174695320491,58,1,0,NA,1,0.01,0,1,1,1,0,0,1,1,1,0
"X2.57",-1.56748739592607,58,2,0,NA,1,0.01,0,1,1,1,0,0,1,1,1,0
"X3.57",-0.236210812776933,58,3,0,NA,1,0.01,0,1,1,1,0,0,1,1,1,0
"X4.57",-0.141670387847021,58,4,0,NA,1,0.01,0,1,1,1,0,0,1,1,1,0
"X5.57",-0.407278156533925,58,5,0,NA,1,0.01,0,1,1,1,0,0,1,1,1,0
"X6.57",0.281627285593936,58,6,0,NA,1,0.01,0,1,1,1,0,0,1,1,1,0
"X7.57",-0.617315463232061,58,7,0,NA,1,0.01,0,1,1,1,0,0,1,1,1,0
"X8.57",0.35661809852904,58,8,0,NA,1,0.01,0,1,1,1,0,0,1,1,1,0
"X9.57",0.818703842719057,58,9,0,NA,1,0.01,0,1,1,1,0,0,1,1,1,0
"X10.57",-3.22780877504556,58,10,0,NA,1,0.01,0,1,1,1,0,0,1,1,1,0
"X1.58",-0.163150354280192,59,1,0,NA,2,0.0512710963760241,0,1,1,1,1,1,1,1,0,0
"X2.58",0.288105590007808,59,2,0,NA,2,0.105170918075648,0,1,1,1,1,1,1,1,0,0
"X3.58",-0.00767587767730131,59,3,0,NA,2,0.161834242728283,0,1,1,1,1,1,1,1,0,0
"X4.58",0.762297224975537,59,4,0,NA,2,0.22140275816017,0,1,1,1,1,1,1,1,0,0
"X5.58",-0.130122866681508,59,5,0,NA,2,0.284025416687741,0,1,1,1,1,1,1,1,0,0
"X6.58",0.394261847000815,59,6,0,NA,2,0.349858807576003,0,1,1,1,1,1,1,1,0,0
"X7.58",0.0703641260550806,59,7,0,NA,2,0.419067548593257,0,1,1,1,1,1,1,1,0,0
"X8.58",-0.303371692457452,59,8,0,NA,2,0.49182469764127,0,1,1,1,1,1,1,1,0,0
"X9.58",-0.509981107723258,59,9,0,NA,2,0.568312185490169,0,1,1,1,1,1,1,1,0,0
"X10.58",0.917033836574198,59,10,0,NA,2,0.648721270700128,0,1,1,1,1,1,1,1,0,0
"X1.59",0.850162925327273,60,1,0,NA,1,0.01,0,0,1,0,0,1,0,0,0,1
"X2.59",1.40331391491267,60,2,0,NA,1,0.01,0,0,1,0,0,1,0,0,0,1
"X3.59",0.903954962882737,60,3,0,NA,1,0.01,0,0,1,0,0,1,0,0,0,1
"X4.59",1.54701164456007,60,4,0,NA,1,0.01,0,0,1,0,0,1,0,0,0,1
"X5.59",-3.01291143411702,60,5,0,NA,1,0.01,0,0,1,0,0,1,0,0,0,1
"X6.59",0.628139679901661,60,6,0,NA,1,0.01,0,0,1,0,0,1,0,0,0,1
"X7.59",-0.16574919532495,60,7,0,NA,1,0.01,0,0,1,0,0,1,0,0,0,1
"X8.59",0.852116047566443,60,8,0,NA,1,0.01,0,0,1,0,0,1,0,0,0,1
"X9.59",-1.08461792160856,60,9,0,NA,1,0.01,0,0,1,0,0,1,0,0,0,1
"X10.59",1.82400365151156,60,10,0,NA,1,0.01,0,0,1,0,0,1,0,0,0,1
"X1.60",0.751762795365025,61,1,0,NA,2,0.0512710963760241,0,0,0,0,1,1,1,1,1,1
"X2.60",1.40796008107074,61,2,0,NA,2,0.105170918075648,0,0,0,0,1,1,1,1,1,1
"X3.60",1.36690629034149,61,3,0,NA,2,0.161834242728283,0,0,0,0,1,1,1,1,1,1
"X4.60",1.07785938226014,61,4,0,NA,2,0.22140275816017,0,0,0,0,1,1,1,1,1,1
"X5.60",-0.569519907098643,61,5,0,NA,2,0.284025416687741,0,0,0,0,1,1,1,1,1,1
"X6.60",-0.0642515977418013,61,6,0,NA,2,0.349858807576003,0,0,0,0,1,1,1,1,1,1
"X7.60",1.60341667485106,61,7,0,NA,2,0.419067548593257,0,0,0,0,1,1,1,1,1,1
"X8.60",-2.64944054534446,61,8,0,NA,2,0.49182469764127,0,0,0,0,1,1,1,1,1,1
"X9.60",0.980881483643635,61,9,0,NA,2,0.568312185490169,0,0,0,0,1,1,1,1,1,1
"X10.60",1.56315130542698,61,10,0,NA,2,0.648721270700128,0,0,0,0,1,1,1,1,1,1
"X1.61",-0.213569909218186,62,1,0,NA,2,0.0512710963760241,0,1,1,1,0,1,1,0,0,0
"X2.61",-0.554272609223809,62,2,0,NA,2,0.105170918075648,0,1,1,1,0,1,1,0,0,0
"X3.61",1.43593323112985,62,3,1,NA,2,0.161834242728283,0,1,1,1,0,1,1,0,0,0
"X4.61",-0.427547745245818,62,4,0,NA,2,0.22140275816017,0,1,1,1,0,1,1,0,0,0
"X5.61",-0.107629984073406,62,5,0,NA,2,0.284025416687741,0,1,1,1,0,1,1,0,0,0
"X6.61",-0.303539244746071,62,6,0,NA,2,0.349858807576003,0,1,1,1,0,1,1,0,0,0
"X7.61",-0.45468915912924,62,7,0,NA,2,0.419067548593257,0,1,1,1,0,1,1,0,0,0
"X8.61",-0.123112675656498,62,8,0,NA,2,0.49182469764127,0,1,1,1,0,1,1,0,0,0
"X9.61",1.88163447741163,62,9,0,NA,2,0.568312185490169,0,1,1,1,0,1,1,0,0,0
"X10.61",0.930925113341726,62,10,0,NA,2,0.648721270700128,0,1,1,1,0,1,1,0,0,0
"X1.62",-0.222670663395465,63,1,0,NA,1,0.01,0,1,1,1,0,1,1,1,0,0
"X2.62",0.584367422804213,63,2,0,NA,1,0.01,0,1,1,1,0,1,1,1,0,0
"X3.62",2.17305651178599,63,3,0,NA,1,0.01,0,1,1,1,0,1,1,1,0,0
"X4.62",-0.918768108456442,63,4,0,NA,1,0.01,0,1,1,1,0,1,1,1,0,0
"X5.62",0.515030328893364,63,5,0,NA,1,0.01,0,1,1,1,0,1,1,1,0,0
"X6.62",0.0467105829649943,63,6,0,NA,1,0.01,0,1,1,1,0,1,1,1,0,0
"X7.62",-0.702502079682551,63,7,0,NA,1,0.01,0,1,1,1,0,1,1,1,0,0
"X8.62",-1.42518520308025,63,8,0,NA,1,0.01,0,1,1,1,0,1,1,1,0,0
"X9.62",0.232754501995949,63,9,0,NA,1,0.01,0,1,1,1,0,1,1,1,0,0
"X10.62",1.97949429010711,63,10,0,NA,1,0.01,0,1,1,1,0,1,1,1,0,0
"X1.63",-1.29164905794858,64,1,0,NA,1,0.01,0,0,0,1,0,0,0,0,1,1
"X2.63",0.357258165200783,64,2,0,NA,1,0.01,0,0,0,1,0,0,0,0,1,1
"X3.63",-1.30089783906486,64,3,0,NA,1,0.01,0,0,0,1,0,0,0,0,1,1
"X4.63",-0.776146625364539,64,4,0,NA,1,0.01,0,0,0,1,0,0,0,0,1,1
"X5.63",-0.955702543644357,64,5,0,NA,1,0.01,0,0,0,1,0,0,0,0,1,1
"X6.63",-0.125074760959254,64,6,0,NA,1,0.01,0,0,0,1,0,0,0,0,1,1
"X7.63",0.829048562721954,64,7,0,NA,1,0.01,0,0,0,1,0,0,0,0,1,1
"X8.63",-0.476896907383039,64,8,0,NA,1,0.01,0,0,0,1,0,0,0,0,1,1
"X9.63",-0.400407705990325,64,9,0,NA,1,0.01,0,0,0,1,0,0,0,0,1,1
"X10.63",-0.898074146343669,64,10,0,NA,1,0.01,0,0,0,1,0,0,0,0,1,1
"X1.64",1.42575992905643,65,1,0,NA,1,0.01,1,0,1,0,1,1,0,1,0,1
"X2.64",-1.31911271019272,65,2,0,NA,1,0.01,1,0,1,0,1,1,0,1,0,1
"X3.64",-2.48488938610785,65,3,0,NA,1,0.01,1,0,1,0,1,1,0,1,0,1
"X4.64",0.996689351729678,65,4,0,NA,1,0.01,1,0,1,0,1,1,0,1,0,1
"X5.64",0.707532552096185,65,5,0,NA,1,0.01,1,0,1,0,1,1,0,1,0,1
"X6.64",0.455001913350572,65,6,0,NA,1,0.01,1,0,1,0,1,1,0,1,0,1
"X7.64",-0.455992088066492,65,7,0,NA,1,0.01,1,0,1,0,1,1,0,1,0,1
"X8.64",-0.120035500211687,65,8,0,NA,1,0.01,1,0,1,0,1,1,0,1,0,1
"X9.64",1.00065792818767,65,9,0,NA,1,0.01,1,0,1,0,1,1,0,1,0,1
"X10.64",0.164128823344004,65,10,0,NA,1,0.01,1,0,1,0,1,1,0,1,0,1
"X1.65",1.82174404530531,66,1,0,NA,1,0.01,0,1,0,0,0,0,1,0,0,1
"X2.65",-0.773163313078476,66,2,0,NA,1,0.01,0,1,0,0,0,0,1,0,0,1
"X3.65",-0.0666990320803843,66,3,0,NA,1,0.01,0,1,0,0,0,0,1,0,0,1
"X4.65",1.04335527006115,66,4,0,NA,1,0.01,0,1,0,0,0,0,1,0,0,1
"X5.65",1.29382657705663,66,5,0,NA,1,0.01,0,1,0,0,0,0,1,0,0,1
"X6.65",-0.748312866437081,66,6,0,NA,1,0.01,0,1,0,0,0,0,1,0,0,1
"X7.65",0.555876400503629,66,7,0,NA,1,0.01,0,1,0,0,0,0,1,0,0,1
"X8.65",2.39879977458348,66,8,0,NA,1,0.01,0,1,0,0,0,0,1,0,0,1
"X9.65",-0.527490616448769,66,9,0,NA,1,0.01,0,1,0,0,0,0,1,0,0,1
"X10.65",-1.73754629697211,66,10,0,NA,1,0.01,0,1,0,0,0,0,1,0,0,1
"X1.66",0.463242997712607,67,1,0,NA,2,0.0512710963760241,1,0,0,0,0,1,1,0,0,1
"X2.66",0.325106549343253,67,2,0,NA,2,0.105170918075648,1,0,0,0,0,1,1,0,0,1
"X3.66",0.0940633272046075,67,3,0,NA,2,0.161834242728283,1,0,0,0,0,1,1,0,0,1
"X4.66",-0.267415045804524,67,4,0,NA,2,0.22140275816017,1,0,0,0,0,1,1,0,0,1
"X5.66",-0.00205807695291488,67,5,0,NA,2,0.284025416687741,1,0,0,0,0,1,1,0,0,1
"X6.66",-0.354916310823651,67,6,1,NA,2,0.349858807576003,1,0,0,0,0,1,1,0,0,1
"X7.66",-1.06674895948351,67,7,0,NA,2,0.419067548593257,1,0,0,0,0,1,1,0,0,1
"X8.66",-1.91275076967951,67,8,0,NA,2,0.49182469764127,1,0,0,0,0,1,1,0,0,1
"X9.66",0.414659306449459,67,9,0,NA,2,0.568312185490169,1,0,0,0,0,1,1,0,0,1
"X10.66",0.210579639936472,67,10,0,NA,2,0.648721270700128,1,0,0,0,0,1,1,0,0,1
"X1.67",-1.66859799180335,68,1,0,NA,1,0.01,0,1,0,1,1,0,1,0,0,0
"X2.67",0.581314191943328,68,2,1,NA,1,0.01,0,1,0,1,1,0,1,0,0,0
"X3.67",-1.63064138820761,68,3,0,NA,1,0.01,0,1,0,1,1,0,1,0,0,0
"X4.67",-0.570633366308035,68,4,0,NA,1,0.01,0,1,0,1,1,0,1,0,0,0
"X5.67",0.592359841738898,68,5,0,NA,1,0.01,0,1,0,1,1,0,1,0,0,0
"X6.67",-0.474039892099025,68,6,0,NA,1,0.01,0,1,0,1,1,0,1,0,0,0
"X7.67",1.15474464166386,68,7,0,NA,1,0.01,0,1,0,1,1,0,1,0,0,0
"X8.67",0.575261311166991,68,8,0,NA,1,0.01,0,1,0,1,1,0,1,0,0,0
"X9.67",-2.58751079050946,68,9,0,NA,1,0.01,0,1,0,1,1,0,1,0,0,0
"X10.67",-0.724096735215342,68,10,0,NA,1,0.01,0,1,0,1,1,0,1,0,0,0
"X1.68",0.131139585485618,69,1,0,NA,1,0.01,0,0,1,1,0,0,1,1,1,1
"X2.68",-1.2608273512262,69,2,0,NA,1,0.01,0,0,1,1,0,0,1,1,1,1
"X3.68",-1.19189636135225,69,3,1,NA,1,0.01,0,0,1,1,0,0,1,1,1,1
"X4.68",1.11243776854308,69,4,0,NA,1,0.01,0,0,1,1,0,0,1,1,1,1
"X5.68",0.798247575916817,69,5,0,NA,1,0.01,0,0,1,1,0,0,1,1,1,1
"X6.68",0.388149913228292,69,6,0,NA,1,0.01,0,0,1,1,0,0,1,1,1,1
"X7.68",0.0432856579660294,69,7,0,NA,1,0.01,0,0,1,1,0,0,1,1,1,1
"X8.68",0.820915071728394,69,8,0,NA,1,0.01,0,0,1,1,0,0,1,1,1,1
"X9.68",-2.22654228535781,69,9,0,NA,1,0.01,0,0,1,1,0,0,1,1,1,1
"X10.68",-0.503035989970106,69,10,0,NA,1,0.01,0,0,1,1,0,0,1,1,1,1
"X1.69",1.32033261475561,70,1,0,NA,2,0.0512710963760241,0,0,1,1,0,1,1,1,1,0
"X2.69",1.46496041686287,70,2,0,NA,2,0.105170918075648,0,0,1,1,0,1,1,1,1,0
"X3.69",0.912395232414367,70,3,0,NA,2,0.161834242728283,0,0,1,1,0,1,1,1,1,0
"X4.69",-0.0623324265082588,70,4,0,NA,2,0.22140275816017,0,0,1,1,0,1,1,1,1,0
"X5.69",0.917606477686456,70,5,0,NA,2,0.284025416687741,0,0,1,1,0,1,1,1,1,0
"X6.69",-0.029282260997965,70,6,0,NA,2,0.349858807576003,0,0,1,1,0,1,1,1,1,0
"X7.69",1.12947718300207,70,7,0,NA,2,0.419067548593257,0,0,1,1,0,1,1,1,1,0
"X8.69",0.0167051152313684,70,8,0,NA,2,0.49182469764127,0,0,1,1,0,1,1,1,1,0
"X9.69",1.59867606497051,70,9,0,NA,2,0.568312185490169,0,0,1,1,0,1,1,1,1,0
"X10.69",1.16494260377491,70,10,0,NA,2,0.648721270700128,0,0,1,1,0,1,1,1,1,0
"X1.70",0.451668008751766,71,1,0,NA,1,0.01,0,1,0,0,1,0,0,0,0,1
"X2.70",-0.710516162884725,71,2,0,NA,1,0.01,0,1,0,0,1,0,0,0,0,1
"X3.70",0.0705519101021766,71,3,0,NA,1,0.01,0,1,0,0,1,0,0,0,0,1
"X4.70",-0.662756181296847,71,4,0,NA,1,0.01,0,1,0,0,1,0,0,0,0,1
"X5.70",-1.53557399418929,71,5,0,NA,1,0.01,0,1,0,0,1,0,0,0,0,1
"X6.70",0.0579863998619266,71,6,0,NA,1,0.01,0,1,0,0,1,0,0,0,0,1
"X7.70",-0.834758377812103,71,7,0,NA,1,0.01,0,1,0,0,1,0,0,0,0,1
"X8.70",0.640209680622724,71,8,0,NA,1,0.01,0,1,0,0,1,0,0,0,0,1
"X9.70",-1.64433320529667,71,9,0,NA,1,0.01,0,1,0,0,1,0,0,0,0,1
"X10.70",-0.801916554002356,71,10,0,NA,1,0.01,0,1,0,0,1,0,0,0,0,1
"X1.71",-0.321371698515041,72,1,0,NA,2,0.0512710963760241,0,0,0,1,1,0,0,1,0,1
"X2.71",0.0938454851594214,72,2,0,NA,2,0.105170918075648,0,0,0,1,1,0,0,1,0,1
"X3.71",3.41533310595474,72,3,0,NA,2,0.161834242728283,0,0,0,1,1,0,0,1,0,1
"X4.71",-2.18325271059736,72,4,0,NA,2,0.22140275816017,0,0,0,1,1,0,0,1,0,1
"X5.71",0.258313261178675,72,5,0,NA,2,0.284025416687741,0,0,0,1,1,0,0,1,0,1
"X6.71",0.693479982863779,72,6,0,NA,2,0.349858807576003,0,0,0,1,1,0,0,1,0,1
"X7.71",-0.494416139880035,72,7,0,NA,2,0.419067548593257,0,0,0,1,1,0,0,1,0,1
"X8.71",1.97266482243824,72,8,1,NA,2,0.49182469764127,0,0,0,1,1,0,0,1,0,1
"X9.71",0.190349865412293,72,9,0,NA,2,0.568312185490169,0,0,0,1,1,0,0,1,0,1
"X10.71",1.00858996321124,72,10,0,NA,2,0.648721270700128,0,0,0,1,1,0,0,1,0,1
"X1.72",0.206674134538302,73,1,0,NA,1,0.01,0,1,1,1,0,1,1,1,1,1
"X2.72",0.166431203970686,73,2,0,NA,1,0.01,0,1,1,1,0,1,1,1,1,1
"X3.72",1.38668534779335,73,3,0,NA,1,0.01,0,1,1,1,0,1,1,1,1,1
"X4.72",0.222570555402702,73,4,0,NA,1,0.01,0,1,1,1,0,1,1,1,1,1
"X5.72",1.12071930795001,73,5,0,NA,1,0.01,0,1,1,1,0,1,1,1,1,1
"X6.72",-0.744123204695307,73,6,0,NA,1,0.01,0,1,1,1,0,1,1,1,1,1
"X7.72",-0.314426974776098,73,7,0,NA,1,0.01,0,1,1,1,0,1,1,1,1,1
"X8.72",-1.69191882876571,73,8,0,NA,1,0.01,0,1,1,1,0,1,1,1,1,1
"X9.72",1.37686165909788,73,9,0,NA,1,0.01,0,1,1,1,0,1,1,1,1,1
"X10.72",-0.96444381314882,73,10,0,NA,1,0.01,0,1,1,1,0,1,1,1,1,1
"X1.73",0.580599390102342,74,1,0,NA,1,0.01,1,1,0,0,0,0,1,1,0,0
"X2.73",-0.588345792117186,74,2,0,NA,1,0.01,1,1,0,0,0,0,1,1,0,0
"X3.73",1.13309769036609,74,3,0,NA,1,0.01,1,1,0,0,0,0,1,1,0,0
"X4.73",0.682304442690577,74,4,0,NA,1,0.01,1,1,0,0,0,0,1,1,0,0
"X5.73",0.551871718511581,74,5,0,NA,1,0.01,1,1,0,0,0,0,1,1,0,0
"X6.73",0.0540136502758436,74,6,0,NA,1,0.01,1,1,0,0,0,0,1,1,0,0
"X7.73",0.272689195767378,74,7,0,NA,1,0.01,1,1,0,0,0,0,1,1,0,0
"X8.73",-1.83761751358695,74,8,0,NA,1,0.01,1,1,0,0,0,0,1,1,0,0
"X9.73",0.986719605170542,74,9,0,NA,1,0.01,1,1,0,0,0,0,1,1,0,0
"X10.73",1.57758876573955,74,10,0,NA,1,0.01,1,1,0,0,0,0,1,1,0,0
"X1.74",2.25046538204923,75,1,0,NA,1,0.01,0,0,1,1,0,1,1,1,1,0
"X2.74",-0.441769395977997,75,2,0,NA,1,0.01,0,0,1,1,0,1,1,1,1,0
"X3.74",0.289407946143162,75,3,0,NA,1,0.01,0,0,1,1,0,1,1,1,1,0
"X4.74",0.251924035110933,75,4,0,NA,1,0.01,0,0,1,1,0,1,1,1,1,0
"X5.74",0.999616431173473,75,5,1,NA,1,0.01,0,0,1,1,0,1,1,1,1,0
"X6.74",-0.620631998647579,75,6,0,NA,1,0.01,0,0,1,1,0,1,1,1,1,0
"X7.74",0.050482664701572,75,7,0,NA,1,0.01,0,0,1,1,0,1,1,1,1,0
"X8.74",0.548463825026372,75,8,0,NA,1,0.01,0,0,1,1,0,1,1,1,1,0
"X9.74",-0.567585005135525,75,9,0,NA,1,0.01,0,0,1,1,0,1,1,1,1,0
"X10.74",-0.205551092847835,75,10,0,NA,1,0.01,0,0,1,1,0,1,1,1,1,0
"X1.75",0.739733065193667,76,1,0,NA,2,0.0512710963760241,0,0,0,0,1,0,1,1,0,1
"X2.75",1.30621420029911,76,2,0,NA,2,0.105170918075648,0,0,0,0,1,0,1,1,0,1
"X3.75",0.365905176192527,76,3,0,NA,2,0.161834242728283,0,0,0,0,1,0,1,1,0,1
"X4.75",-0.460254306490461,76,4,0,NA,2,0.22140275816017,0,0,0,0,1,0,1,1,0,1
"X5.75",-0.171770243667527,76,5,0,NA,2,0.284025416687741,0,0,0,0,1,0,1,1,0,1
"X6.75",-1.06017566773905,76,6,0,NA,2,0.349858807576003,0,0,0,0,1,0,1,1,0,1
"X7.75",0.610914682435165,76,7,0,NA,2,0.419067548593257,0,0,0,0,1,0,1,1,0,1
"X8.75",1.58293758881743,76,8,0,NA,2,0.49182469764127,0,0,0,0,1,0,1,1,0,1
"X9.75",0.442435903325672,76,9,0,NA,2,0.568312185490169,0,0,0,0,1,0,1,1,0,1
"X10.75",0.17624876048545,76,10,0,NA,2,0.648721270700128,0,0,0,0,1,0,1,1,0,1
"X1.76",0.226046476898925,77,1,0,NA,1,0.01,1,0,1,1,0,0,1,0,1,0
"X2.76",-1.23015034431613,77,2,0,NA,1,0.01,1,0,1,1,0,0,1,0,1,0
"X3.76",-0.920563428682563,77,3,0,NA,1,0.01,1,0,1,1,0,0,1,0,1,0
"X4.76",-1.73026953265231,77,4,0,NA,1,0.01,1,0,1,1,0,0,1,0,1,0
"X5.76",0.307602510382897,77,5,0,NA,1,0.01,1,0,1,1,0,0,1,0,1,0
"X6.76",0.938678148573915,77,6,0,NA,1,0.01,1,0,1,1,0,0,1,0,1,0
"X7.76",-0.232371177175086,77,7,0,NA,1,0.01,1,0,1,1,0,0,1,0,1,0
"X8.76",1.03149101587768,77,8,0,NA,1,0.01,1,0,1,1,0,0,1,0,1,0
"X9.76",1.04399515466412,77,9,0,NA,1,0.01,1,0,1,1,0,0,1,0,1,0
"X10.76",-0.67682187486765,77,10,0,NA,1,0.01,1,0,1,1,0,0,1,0,1,0
"X1.77",-0.344321092754383,78,1,0,NA,1,0.01,1,0,0,0,1,0,1,0,0,0
"X2.77",0.735535719238949,78,2,0,NA,1,0.01,1,0,0,0,1,0,1,0,0,0
"X3.77",-0.448956629485266,78,3,0,NA,1,0.01,1,0,0,0,1,0,1,0,0,0
"X4.77",-1.0481246847668,78,4,0,NA,1,0.01,1,0,0,0,1,0,1,0,0,0
"X5.77",-0.124878324242263,78,5,0,NA,1,0.01,1,0,0,0,1,0,1,0,0,0
"X6.77",0.714224642889739,78,6,0,NA,1,0.01,1,0,0,0,1,0,1,0,0,0
"X7.77",-0.890146353420947,78,7,0,NA,1,0.01,1,0,0,0,1,0,1,0,0,0
"X8.77",-1.63937555599437,78,8,0,NA,1,0.01,1,0,0,0,1,0,1,0,0,0
"X9.77",-0.292770411878001,78,9,0,NA,1,0.01,1,0,0,0,1,0,1,0,0,0
"X10.77",-1.14070059844759,78,10,0,NA,1,0.01,1,0,0,0,1,0,1,0,0,0
"X1.78",-1.18013631778388,79,1,0,NA,1,0.01,0,0,0,1,1,0,1,1,0,1
"X2.78",0.227155189621666,79,2,0,NA,1,0.01,0,0,0,1,1,0,1,1,0,1
"X3.78",-1.25940483329159,79,3,0,NA,1,0.01,0,0,0,1,1,0,1,1,0,1
"X4.78",0.932086616573009,79,4,0,NA,1,0.01,0,0,0,1,1,0,1,1,0,1
"X5.78",-0.513060232573555,79,5,0,NA,1,0.01,0,0,0,1,1,0,1,1,0,1
"X6.78",1.88247396083429,79,6,0,NA,1,0.01,0,0,0,1,1,0,1,1,0,1
"X7.78",1.48472393249979,79,7,0,NA,1,0.01,0,0,0,1,1,0,1,1,0,1
"X8.78",-0.00274758955709439,79,8,0,NA,1,0.01,0,0,0,1,1,0,1,1,0,1
"X9.78",1.53789568212362,79,9,0,NA,1,0.01,0,0,0,1,1,0,1,1,0,1
"X10.78",0.598513798395693,79,10,0,NA,1,0.01,0,0,0,1,1,0,1,1,0,1
"X1.79",-1.88233306949176,80,1,0,NA,1,0.01,0,1,1,1,1,1,1,1,1,1
"X2.79",-0.040181228594229,80,2,0,NA,1,0.01,0,1,1,1,1,1,1,1,1,1
"X3.79",-0.0707029120496315,80,3,0,NA,1,0.01,0,1,1,1,1,1,1,1,1,1
"X4.79",1.30177648459171,80,4,0,NA,1,0.01,0,1,1,1,1,1,1,1,1,1
"X5.79",-1.45220596127228,80,5,0,NA,1,0.01,0,1,1,1,1,1,1,1,1,1
"X6.79",-1.13714771377203,80,6,0,NA,1,0.01,0,1,1,1,1,1,1,1,1,1
"X7.79",-1.91162869186798,80,7,0,NA,1,0.01,0,1,1,1,1,1,1,1,1,1
"X8.79",1.12721320097369,80,8,0,NA,1,0.01,0,1,1,1,1,1,1,1,1,1
"X9.79",0.429856790869987,80,9,0,NA,1,0.01,0,1,1,1,1,1,1,1,1,1
"X10.79",-1.71753113978365,80,10,0,NA,1,0.01,0,1,1,1,1,1,1,1,1,1
"X1.80",0.778731345422294,81,1,0,NA,2,0.0512710963760241,0,1,0,1,0,1,1,0,1,1
"X2.80",-1.07135424601991,81,2,0,NA,2,0.105170918075648,0,1,0,1,0,1,1,0,1,1
"X3.80",-0.512183524819436,81,3,0,NA,2,0.161834242728283,0,1,0,1,0,1,1,0,1,1
"X4.80",-1.00327555666079,81,4,0,NA,2,0.22140275816017,0,1,0,1,0,1,1,0,1,1
"X5.80",-0.576882533824707,81,5,0,NA,2,0.284025416687741,0,1,0,1,0,1,1,0,1,1
"X6.80",1.14924168186839,81,6,0,NA,2,0.349858807576003,0,1,0,1,0,1,1,0,1,1
"X7.80",0.229016723083738,81,7,0,NA,2,0.419067548593257,0,1,0,1,0,1,1,0,1,1
"X8.80",1.99801746504121,81,8,0,NA,2,0.49182469764127,0,1,0,1,0,1,1,0,1,1
"X9.80",0.346833784077527,81,9,0,NA,2,0.568312185490169,0,1,0,1,0,1,1,0,1,1
"X10.80",0.498649741119058,81,10,0,NA,2,0.648721270700128,0,1,0,1,0,1,1,0,1,1
"X1.81",-0.034306855414174,82,1,0,NA,3,0.127496851579376,0,0,0,0,0,1,0,0,1,1
"X2.81",1.06358409754229,82,2,0,NA,3,0.271249150321405,0,0,0,0,0,1,0,0,1,1
"X3.81",-0.712911550143401,82,3,0,NA,3,0.43332941456034,0,0,0,0,0,1,0,0,1,1
"X4.81",-0.142514666972768,82,4,0,NA,3,0.616074402192893,0,0,0,0,0,1,0,0,1,1
"X5.81",1.07540138839903,82,5,0,NA,3,0.822118800390509,0,0,0,0,0,1,0,0,1,1
"X6.81",-0.386166846789431,82,6,0,NA,3,1.05443321064389,0,0,0,0,0,1,0,0,1,1
"X7.81",1.46654768965916,82,7,0,NA,3,1.31636697678109,0,0,0,0,0,1,0,0,1,1
"X8.81",1.92230449583395,82,8,1,NA,3,1.61169647342312,0,0,0,0,0,1,0,0,1,1
"X9.81",1.48928650445843,82,9,0,NA,3,1.94467955106552,0,0,0,0,0,1,0,0,1,1
"X10.81",3.01726558059502,82,10,0,NA,3,2.32011692273655,0,0,0,0,0,1,0,0,1,1
"X1.82",0.348240911932545,83,1,0,NA,2,0.0512710963760241,0,1,1,1,1,1,0,0,1,1
"X2.82",0.23408657077794,83,2,0,NA,2,0.105170918075648,0,1,1,1,1,1,0,0,1,1
"X3.82",1.31045240873619,83,3,0,NA,2,0.161834242728283,0,1,1,1,1,1,0,0,1,1
"X4.82",0.186793043111778,83,4,0,NA,2,0.22140275816017,0,1,1,1,1,1,0,0,1,1
"X5.82",0.48539476498876,83,5,0,NA,2,0.284025416687741,0,1,1,1,1,1,0,0,1,1
"X6.82",2.61456389595117,83,6,0,NA,2,0.349858807576003,0,1,1,1,1,1,0,0,1,1
"X7.82",1.42094053906438,83,7,0,NA,2,0.419067548593257,0,1,1,1,1,1,0,0,1,1
"X8.82",1.60081644180259,83,8,0,NA,2,0.49182469764127,0,1,1,1,1,1,0,0,1,1
"X9.82",1.67773938105501,83,9,0,NA,2,0.568312185490169,0,1,1,1,1,1,0,0,1,1
"X10.82",-0.959016005739075,83,10,0,NA,2,0.648721270700128,0,1,1,1,1,1,0,0,1,1
"X1.83",0.616998212264873,84,1,0,NA,3,0.127496851579376,1,0,1,1,0,0,1,1,0,0
"X2.83",0.704167121001051,84,2,0,NA,3,0.271249150321405,1,0,1,1,0,0,1,1,0,0
"X3.83",-0.858088483921349,84,3,0,NA,3,0.43332941456034,1,0,1,1,0,0,1,1,0,0
"X4.83",0.700029510180626,84,4,0,NA,3,0.616074402192893,1,0,1,1,0,0,1,1,0,0
"X5.83",-2.01997317076394,84,5,1,NA,3,0.822118800390509,1,0,1,1,0,0,1,1,0,0
"X6.83",2.72990353047824,84,6,0,NA,3,1.05443321064389,1,0,1,1,0,0,1,1,0,0
"X7.83",2.09945573504142,84,7,0,NA,3,1.31636697678109,1,0,1,1,0,0,1,1,0,0
"X8.83",2.32562767142721,84,8,0,NA,3,1.61169647342312,1,0,1,1,0,0,1,1,0,0
"X9.83",2.96567609930657,84,9,0,NA,3,1.94467955106552,1,0,1,1,0,0,1,1,0,0
"X10.83",2.84085849781195,84,10,0,NA,3,2.32011692273655,1,0,1,1,0,0,1,1,0,0
"X1.84",-0.810536016740627,85,1,0,NA,1,0.01,0,0,0,1,1,0,0,1,1,1
"X2.84",0.374550282247379,85,2,0,NA,1,0.01,0,0,0,1,1,0,0,1,1,1
"X3.84",-0.303003720067367,85,3,0,NA,1,0.01,0,0,0,1,1,0,0,1,1,1
"X4.84",-0.346558692861154,85,4,0,NA,1,0.01,0,0,0,1,1,0,0,1,1,1
"X5.84",0.115414733059067,85,5,0,NA,1,0.01,0,0,0,1,1,0,0,1,1,1
"X6.84",-0.933296335942434,85,6,0,NA,1,0.01,0,0,0,1,1,0,0,1,1,1
"X7.84",1.02830547543994,85,7,0,NA,1,0.01,0,0,0,1,1,0,0,1,1,1
"X8.84",0.476965592647896,85,8,0,NA,1,0.01,0,0,0,1,1,0,0,1,1,1
"X9.84",-0.40767961851251,85,9,0,NA,1,0.01,0,0,0,1,1,0,0,1,1,1
"X10.84",0.439395987021218,85,10,0,NA,1,0.01,0,0,0,1,1,0,0,1,1,1
"X1.85",1.02082739018735,86,1,0,NA,2,0.0512710963760241,1,1,1,1,0,1,1,1,1,0
"X2.85",-0.505844354197973,86,2,1,NA,2,0.105170918075648,1,1,1,1,0,1,1,1,1,0
"X3.85",-0.408250528370478,86,3,0,NA,2,0.161834242728283,1,1,1,1,0,1,1,1,1,0
"X4.85",0.396170937176519,86,4,0,NA,2,0.22140275816017,1,1,1,1,0,1,1,1,1,0
"X5.85",-0.261305691739637,86,5,0,NA,2,0.284025416687741,1,1,1,1,0,1,1,1,1,0
"X6.85",-1.32309081764042,86,6,0,NA,2,0.349858807576003,1,1,1,1,0,1,1,1,1,0
"X7.85",-1.62038229950451,86,7,0,NA,2,0.419067548593257,1,1,1,1,0,1,1,1,1,0
"X8.85",-0.0707526572335422,86,8,0,NA,2,0.49182469764127,1,1,1,1,0,1,1,1,1,0
"X9.85",1.98045738467742,86,9,0,NA,2,0.568312185490169,1,1,1,1,0,1,1,1,1,0
"X10.85",1.56947967221474,86,10,0,NA,2,0.648721270700128,1,1,1,1,0,1,1,1,1,0
"X1.86",0.467309240163775,87,1,0,NA,1,0.01,1,0,1,0,1,0,0,1,1,0
"X2.86",-0.150889631593184,87,2,0,NA,1,0.01,1,0,1,0,1,0,0,1,1,0
"X3.86",0.0592205674280307,87,3,0,NA,1,0.01,1,0,1,0,1,0,0,1,1,0
"X4.86",-1.46630933362182,87,4,0,NA,1,0.01,1,0,1,0,1,0,0,1,1,0
"X5.86",0.743222469295346,87,5,0,NA,1,0.01,1,0,1,0,1,0,0,1,1,0
"X6.86",-1.78213475215119,87,6,0,NA,1,0.01,1,0,1,0,1,0,0,1,1,0
"X7.86",-1.8693617671987,87,7,0,NA,1,0.01,1,0,1,0,1,0,0,1,1,0
"X8.86",1.11850540852759,87,8,0,NA,1,0.01,1,0,1,0,1,0,0,1,1,0
"X9.86",0.857429230259457,87,9,0,NA,1,0.01,1,0,1,0,1,0,0,1,1,0
"X10.86",-0.352754771738713,87,10,0,NA,1,0.01,1,0,1,0,1,0,0,1,1,0
"X1.87",-0.177817105567636,88,1,0,NA,2,0.0512710963760241,0,0,0,1,1,0,0,0,1,0
"X2.87",-0.0847636237881418,88,2,0,NA,2,0.105170918075648,0,0,0,1,1,0,0,0,1,0
"X3.87",1.77657859662783,88,3,0,NA,2,0.161834242728283,0,0,0,1,1,0,0,0,1,0
"X4.87",0.995656271746337,88,4,0,NA,2,0.22140275816017,0,0,0,1,1,0,0,0,1,0
"X5.87",-0.670300950431653,88,5,0,NA,2,0.284025416687741,0,0,0,1,1,0,0,0,1,0
"X6.87",1.52012657613231,88,6,0,NA,2,0.349858807576003,0,0,0,1,1,0,0,0,1,0
"X7.87",0.53167581254074,88,7,0,NA,2,0.419067548593257,0,0,0,1,1,0,0,0,1,0
"X8.87",0.20154845432781,88,8,0,NA,2,0.49182469764127,0,0,0,1,1,0,0,0,1,0
"X9.87",0.940051365039645,88,9,0,NA,2,0.568312185490169,0,0,0,1,1,0,0,0,1,0
"X10.87",2.00126994108802,88,10,0,NA,2,0.648721270700128,0,0,0,1,1,0,0,0,1,0
"X1.88",1.25510972783118,89,1,0,NA,1,0.01,0,1,0,1,1,1,0,1,1,1
"X2.88",-0.241453251919283,89,2,0,NA,1,0.01,0,1,0,1,1,1,0,1,1,1
"X3.88",1.04961903891203,89,3,0,NA,1,0.01,0,1,0,1,1,1,0,1,1,1
"X4.88",1.14920831068081,89,4,0,NA,1,0.01,0,1,0,1,1,1,0,1,1,1
"X5.88",-0.888918634917907,89,5,0,NA,1,0.01,0,1,0,1,1,1,0,1,1,1
"X6.88",-0.747145163033563,89,6,0,NA,1,0.01,0,1,0,1,1,1,0,1,1,1
"X7.88",0.474819643464317,89,7,0,NA,1,0.01,0,1,0,1,1,1,0,1,1,1
"X8.88",0.147846133940095,89,8,0,NA,1,0.01,0,1,0,1,1,1,0,1,1,1
"X9.88",-0.789854129588794,89,9,0,NA,1,0.01,0,1,0,1,1,1,0,1,1,1
"X10.88",2.47525060054963,89,10,0,NA,1,0.01,0,1,0,1,1,1,0,1,1,1
"X1.89",-0.28045826382824,90,1,0,NA,2,0.0512710963760241,0,1,0,1,1,1,0,1,0,0
"X2.89",0.394654554329823,90,2,0,NA,2,0.105170918075648,0,1,0,1,1,1,0,1,0,0
"X3.89",-1.23326499991611,90,3,0,NA,2,0.161834242728283,0,1,0,1,1,1,0,1,0,0
"X4.89",-0.717575622884639,90,4,0,NA,2,0.22140275816017,0,1,0,1,1,1,0,1,0,0
"X5.89",1.08324819399497,90,5,0,NA,2,0.284025416687741,0,1,0,1,1,1,0,1,0,0
"X6.89",0.390195146709773,90,6,0,NA,2,0.349858807576003,0,1,0,1,1,1,0,1,0,0
"X7.89",2.47767521740089,90,7,0,NA,2,0.419067548593257,0,1,0,1,1,1,0,1,0,0
"X8.89",0.214945387081449,90,8,0,NA,2,0.49182469764127,0,1,0,1,1,1,0,1,0,0
"X9.89",0.107548937867811,90,9,0,NA,2,0.568312185490169,0,1,0,1,1,1,0,1,0,0
"X10.89",-1.39727740204472,90,10,0,NA,2,0.648721270700128,0,1,0,1,1,1,0,1,0,0
"X1.90",-1.18002892154701,91,1,0,NA,1,0.01,1,1,0,0,0,1,0,1,1,1
"X2.90",2.53182370952111,91,2,0,NA,1,0.01,1,1,0,0,0,1,0,1,1,1
"X3.90",-0.562720118961446,91,3,0,NA,1,0.01,1,1,0,0,0,1,0,1,1,1
"X4.90",0.0797725260870801,91,4,0,NA,1,0.01,1,1,0,0,0,1,0,1,1,1
"X5.90",-0.563584167729793,91,5,0,NA,1,0.01,1,1,0,0,0,1,0,1,1,1
"X6.90",-0.542054721010437,91,6,0,NA,1,0.01,1,1,0,0,0,1,0,1,1,1
"X7.90",-0.270322664640171,91,7,0,NA,1,0.01,1,1,0,0,0,1,0,1,1,1
"X8.90",-0.522541801864027,91,8,0,NA,1,0.01,1,1,0,0,0,1,0,1,1,1
"X9.90",-0.866386706715474,91,9,0,NA,1,0.01,1,1,0,0,0,1,0,1,1,1
"X10.90",0.185916341464669,91,10,0,NA,1,0.01,1,1,0,0,0,1,0,1,1,1
"X1.91",0.370343403579524,92,1,0,NA,2,0.0512710963760241,0,1,1,0,0,0,1,1,0,0
"X2.91",0.467387152523415,92,2,0,NA,2,0.105170918075648,0,1,1,0,0,0,1,1,0,0
"X3.91",-1.71572587231365,92,3,0,NA,2,0.161834242728283,0,1,1,0,0,0,1,1,0,0
"X4.91",2.71435797293545,92,4,0,NA,2,0.22140275816017,0,1,1,0,0,0,1,1,0,0
"X5.91",-0.299153351997992,92,5,0,NA,2,0.284025416687741,0,1,1,0,0,0,1,1,0,0
"X6.91",3.28113630560424,92,6,0,NA,2,0.349858807576003,0,1,1,0,0,0,1,1,0,0
"X7.91",0.593177141925809,92,7,0,NA,2,0.419067548593257,0,1,1,0,0,0,1,1,0,0
"X8.91",1.04649901227011,92,8,0,NA,2,0.49182469764127,0,1,1,0,0,0,1,1,0,0
"X9.91",1.24650192183052,92,9,0,NA,2,0.568312185490169,0,1,1,0,0,0,1,1,0,0
"X10.91",0.860699490334054,92,10,0,NA,2,0.648721270700128,0,1,1,0,0,0,1,1,0,0
"X1.92",-1.24922866556753,93,1,0,NA,1,0.01,0,0,1,1,0,1,1,1,1,0
"X2.92",-0.909641219674526,93,2,0,NA,1,0.01,0,0,1,1,0,1,1,1,1,0
"X3.92",1.15870788235687,93,3,0,NA,1,0.01,0,0,1,1,0,1,1,1,1,0
"X4.92",1.41348005410265,93,4,0,NA,1,0.01,0,0,1,1,0,1,1,1,1,0
"X5.92",0.0100050715121249,93,5,0,NA,1,0.01,0,0,1,1,0,1,1,1,1,0
"X6.92",-0.421992678125237,93,6,0,NA,1,0.01,0,0,1,1,0,1,1,1,1,0
"X7.92",1.22468013253624,93,7,0,NA,1,0.01,0,0,1,1,0,1,1,1,1,0
"X8.92",0.97623150291508,93,8,0,NA,1,0.01,0,0,1,1,0,1,1,1,1,0
"X9.92",0.195875752265255,93,9,0,NA,1,0.01,0,0,1,1,0,1,1,1,1,0
"X10.92",-0.362015877513541,93,10,0,NA,1,0.01,0,0,1,1,0,1,1,1,1,0
"X1.93",-1.99018026127145,94,1,0,NA,1,0.01,0,0,0,0,0,1,1,1,0,0
"X2.93",0.614272378163564,94,2,0,NA,1,0.01,0,0,0,0,0,1,1,1,0,0
"X3.93",0.107739093693888,94,3,0,NA,1,0.01,0,0,0,0,0,1,1,1,0,0
"X4.93",0.153319870564202,94,4,0,NA,1,0.01,0,0,0,0,0,1,1,1,0,0
"X5.93",1.99945365599133,94,5,0,NA,1,0.01,0,0,0,0,0,1,1,1,0,0
"X6.93",0.790533284370523,94,6,0,NA,1,0.01,0,0,0,0,0,1,1,1,0,0
"X7.93",-1.82265006647265,94,7,0,NA,1,0.01,0,0,0,0,0,1,1,1,0,0
"X8.93",0.0108716131847107,94,8,0,NA,1,0.01,0,0,0,0,0,1,1,1,0,0
"X9.93",1.54485763860023,94,9,0,NA,1,0.01,0,0,0,0,0,1,1,1,0,0
"X10.93",-0.308699349747519,94,10,0,NA,1,0.01,0,0,0,0,0,1,1,1,0,0
"X1.94",0.82829146098365,95,1,0,NA,1,0.01,0,0,0,1,0,0,0,0,0,1
"X2.94",-0.345204544808219,95,2,0,NA,1,0.01,0,0,0,1,0,0,0,0,0,1
"X3.94",1.9670477969978,95,3,0,NA,1,0.01,0,0,0,1,0,0,0,0,0,1
"X4.94",0.532401520316895,95,4,0,NA,1,0.01,0,0,0,1,0,0,0,0,0,1
"X5.94",0.577736642583844,95,5,0,NA,1,0.01,0,0,0,1,0,0,0,0,0,1
"X6.94",0.299774343732883,95,6,0,NA,1,0.01,0,0,0,1,0,0,0,0,0,1
"X7.94",-0.960232686965665,95,7,0,NA,1,0.01,0,0,0,1,0,0,0,0,0,1
"X8.94",0.767142530231857,95,8,0,NA,1,0.01,0,0,0,1,0,0,0,0,0,1
"X9.94",-0.342686614971007,95,9,0,NA,1,0.01,0,0,0,1,0,0,0,0,0,1
"X10.94",-2.08264326494099,95,10,0,NA,1,0.01,0,0,0,1,0,0,0,0,0,1
"X1.95",-0.0522371386217113,96,1,0,NA,1,0.01,0,0,1,0,1,1,0,1,1,0
"X2.95",-0.0876665515615879,96,2,0,NA,1,0.01,0,0,1,0,1,1,0,1,1,0
"X3.95",0.56758851708303,96,3,0,NA,1,0.01,0,0,1,0,1,1,0,1,1,0
"X4.95",0.200282754203048,96,4,0,NA,1,0.01,0,0,1,0,1,1,0,1,1,0
"X5.95",-0.372332259954139,96,5,0,NA,1,0.01,0,0,1,0,1,1,0,1,1,0
"X6.95",1.24597971794828,96,6,0,NA,1,0.01,0,0,1,0,1,1,0,1,1,0
"X7.95",-1.12492150009378,96,7,0,NA,1,0.01,0,0,1,0,1,1,0,1,1,0
"X8.95",0.824295704820107,96,8,0,NA,1,0.01,0,0,1,0,1,1,0,1,1,0
"X9.95",-0.330769322122889,96,9,0,NA,1,0.01,0,0,1,0,1,1,0,1,1,0
"X10.95",0.259891031329015,96,10,0,NA,1,0.01,0,0,1,0,1,1,0,1,1,0
"X1.96",0.541983667982672,97,1,0,NA,1,0.01,1,0,1,0,1,0,0,1,0,0
"X2.96",-1.92360238961034,97,2,0,NA,1,0.01,1,0,1,0,1,0,0,1,0,0
"X3.96",-1.56903153061266,97,3,0,NA,1,0.01,1,0,1,0,1,0,0,1,0,0
"X4.96",1.76281560753368,97,4,0,NA,1,0.01,1,0,1,0,1,0,0,1,0,0
"X5.96",-0.416254587550766,97,5,0,NA,1,0.01,1,0,1,0,1,0,0,1,0,0
"X6.96",-1.80246752869757,97,6,0,NA,1,0.01,1,0,1,0,1,0,0,1,0,0
"X7.96",0.0936587883015642,97,7,0,NA,1,0.01,1,0,1,0,1,0,0,1,0,0
"X8.96",-0.00653277920674894,97,8,0,NA,1,0.01,1,0,1,0,1,0,0,1,0,0
"X9.96",-1.11465605330188,97,9,0,NA,1,0.01,1,0,1,0,1,0,0,1,0,0
"X10.96",-2.07588217447799,97,10,0,NA,1,0.01,1,0,1,0,1,0,0,1,0,0
"X1.97",-1.60528004374278,98,1,0,NA,1,0.01,0,1,0,0,0,0,1,1,1,1
"X2.97",1.5244188619064,98,2,0,NA,1,0.01,0,1,0,0,0,0,1,1,1,1
"X3.97",0.367111180060746,98,3,0,NA,1,0.01,0,1,0,0,0,0,1,1,1,1
"X4.97",-0.937259000190983,98,4,1,NA,1,0.01,0,1,0,0,0,0,1,1,1,1
"X5.97",0.498530962461991,98,5,0,NA,1,0.01,0,1,0,0,0,0,1,1,1,1
"X6.97",-0.487865431561383,98,6,0,NA,1,0.01,0,1,0,0,0,0,1,1,1,1
"X7.97",0.810621127716704,98,7,0,NA,1,0.01,0,1,0,0,0,0,1,1,1,1
"X8.97",0.232009054589216,98,8,0,NA,1,0.01,0,1,0,0,0,0,1,1,1,1
"X9.97",0.536157845053348,98,9,0,NA,1,0.01,0,1,0,0,0,0,1,1,1,1
"X10.97",0.810608987687783,98,10,0,NA,1,0.01,0,1,0,0,0,0,1,1,1,1
"X1.98",-2.36082073412876,99,1,0,NA,1,0.01,1,0,0,0,1,0,0,0,0,0
"X2.98",-0.461668725202511,99,2,0,NA,1,0.01,1,0,0,0,1,0,0,0,0,0
"X3.98",0.398689689144849,99,3,0,NA,1,0.01,1,0,0,0,1,0,0,0,0,0
"X4.98",0.464033631743493,99,4,0,NA,1,0.01,1,0,0,0,1,0,0,0,0,0
"X5.98",-0.45023833912462,99,5,0,NA,1,0.01,1,0,0,0,1,0,0,0,0,0
"X6.98",-0.457394259761848,99,6,0,NA,1,0.01,1,0,0,0,1,0,0,0,0,0
"X7.98",1.12570253012719,99,7,0,NA,1,0.01,1,0,0,0,1,0,0,0,0,0
"X8.98",-0.513867643589417,99,8,0,NA,1,0.01,1,0,0,0,1,0,0,0,0,0
"X9.98",-0.0607197370293138,99,9,0,NA,1,0.01,1,0,0,0,1,0,0,0,0,0
"X10.98",2.09145666281778,99,10,0,NA,1,0.01,1,0,0,0,1,0,0,0,0,0
"X1.99",0.12261731254343,100,1,0,NA,2,0.0512710963760241,1,1,0,1,1,0,0,0,1,0
"X2.99",-0.0384293990938995,100,2,0,NA,2,0.105170918075648,1,1,0,1,1,0,0,0,1,0
"X3.99",1.09758458541517,100,3,0,NA,2,0.161834242728283,1,1,0,1,1,0,0,0,1,0
"X4.99",0.387646324053818,100,4,0,NA,2,0.22140275816017,1,1,0,1,1,0,0,0,1,0
"X5.99",-0.657778912053231,100,5,0,NA,2,0.284025416687741,1,1,0,1,1,0,0,0,1,0
"X6.99",1.75777751973916,100,6,0,NA,2,0.349858807576003,1,1,0,1,1,0,0,0,1,0
"X7.99",-1.02955650559747,100,7,0,NA,2,0.419067548593257,1,1,0,1,1,0,0,0,1,0
"X8.99",0.770302231260548,100,8,0,NA,2,0.49182469764127,1,1,0,1,1,0,0,0,1,0
"X9.99",-1.02792124380152,100,9,0,NA,2,0.568312185490169,1,1,0,1,1,0,0,0,1,0
"X10.99",-0.168112747910976,100,10,0,NA,2,0.648721270700128,1,1,0,1,1,0,0,0,1,0
