"Y","i","t","alphai","gi","alpha_gi","X1","X2","X3","X4","X5","X6","X7","X8","X9","X10","Tr","lead1","lead2","lead3","lead4","lead5","lag1","lag2","lag3","lag4","lag5"
-0.572683162310639,1,1,0,3,0.127496851579376,0,0,0,0,0,0,0,1,0,0,0,0,0,0,0,0,0,0,0,0,0
1.69651178102694,1,2,0,3,0.271249150321405,0,0,0,0,0,0,0,1,0,0,0,0,0,0,0,0,0,0,0,0,0
1.89432715061239,1,3,0,3,0.43332941456034,0,0,0,0,0,0,0,1,0,0,0,0,0,0,0,0,0,0,0,0,0
1.91628271544496,1,4,0,3,0.616074402192893,0,0,0,0,0,0,0,1,0,0,0,0,0,0,0,0,0,0,0,0,0
3.19354783341075,1,5,0,3,0.822118800390509,0,0,0,0,0,0,0,1,0,0,0,0,0,0,0,0,0,0,0,0,0
6.25075456425438,1,6,0,3,1.05443321064389,0,0,0,0,0,0,0,1,0,0,0,0,0,0,0,0,0,0,0,0,0
7.49156337049774,1,7,0,3,1.31636697678109,0,0,0,0,0,0,0,1,0,0,0,0,0,0,0,0,0,0,0,0,0
6.51435772572178,1,8,0,3,1.61169647342312,0,0,0,0,0,0,0,1,0,0,0,0,0,0,0,0,0,0,0,0,0
10.219418815943,1,9,0,3,1.94467955106552,0,0,0,0,0,0,0,1,0,0,0,0,0,0,0,0,0,0,0,0,0
10.4702798143112,1,10,0,3,2.32011692273655,0,0,0,0,0,0,0,1,0,0,0,0,0,0,0,0,0,0,0,0,0
-0.656378735406886,2,1,0,1,0.01,1,1,1,1,0,0,1,1,1,0,0,0,0,0,0,0,0,0,0,0,0
0.253867996431032,2,2,0,1,0.01,1,1,1,1,0,0,1,1,1,0,0,0,0,0,0,0,0,0,0,0,0
-2.19734135282718,2,3,0,1,0.01,1,1,1,1,0,0,1,1,1,0,0,0,0,0,0,0,0,0,0,0,0
-0.185739684219704,2,4,0,1,0.01,1,1,1,1,0,0,1,1,1,0,0,0,0,0,0,0,0,0,0,0,0
-1.67795709047885,2,5,0,1,0.01,1,1,1,1,0,0,1,1,1,0,0,0,0,0,0,0,0,0,0,0,0
-0.94886899900584,2,6,0,1,0.01,1,1,1,1,0,0,1,1,1,0,0,0,0,0,0,0,0,0,0,0,0
0.143506459548271,2,7,0,1,0.01,1,1,1,1,0,0,1,1,1,0,0,0,0,0,0,0,0,0,0,0,0
-0.828836403706927,2,8,0,1,0.01,1,1,1,1,0,0,1,1,1,0,0,0,0,0,0,0,0,0,0,0,0
0.152313103263133,2,9,0,1,0.01,1,1,1,1,0,0,1,1,1,0,0,0,0,0,0,0,0,0,0,0,0
1.1082760060083,2,10,0,1,0.01,1,1,1,1,0,0,1,1,1,0,0,0,0,0,0,0,0,0,0,0,0
0.671995618284813,3,1,0,2,0.0512710963760241,0,1,1,1,1,1,1,1,0,0,0,0,0,0,0,0,0,0,0,0,0
-0.0206744196927218,3,2,0,2,0.105170918075648,0,1,1,1,1,1,1,1,0,0,0,0,0,0,0,0,0,0,0,0,0
-1.02758200482704,3,3,0,2,0.161834242728283,0,1,1,1,1,1,1,1,0,0,0,0,0,0,0,0,0,0,0,0,0
0.082511686488316,3,4,0,2,0.22140275816017,0,1,1,1,1,1,1,1,0,0,0,0,0,0,0,0,0,0,0,0,0
1.67409489417983,3,5,0,2,0.284025416687741,0,1,1,1,1,1,1,1,0,0,0,0,0,0,0,0,0,0,0,0,0
1.6176227244683,3,6,0,2,0.349858807576003,0,1,1,1,1,1,1,1,0,0,0,0,0,0,0,0,0,0,0,0,0
2.90003151024425,3,7,0,2,0.419067548593257,0,1,1,1,1,1,1,1,0,0,0,0,0,0,0,0,0,0,0,0,0
2.83841243604318,3,8,0,2,0.49182469764127,0,1,1,1,1,1,1,1,0,0,0,0,0,0,0,0,0,0,0,0,0
1.70008337742477,3,9,0,2,0.568312185490169,0,1,1,1,1,1,1,1,0,0,0,0,0,0,0,0,0,0,0,0,0
2.35824476886725,3,10,0,2,0.648721270700128,0,1,1,1,1,1,1,1,0,0,0,0,0,0,0,0,0,0,0,0,0
-0.828259795859269,4,1,0,2,0.0512710963760241,1,1,1,0,0,1,0,1,0,1,0,0,0,0,0,0,0,0,0,0,0
-0.0690318470741689,4,2,0,2,0.105170918075648,1,1,1,0,0,1,0,1,0,1,0,0,0,0,0,0,0,0,0,0,0
1.52648438737774,4,3,0,2,0.161834242728283,1,1,1,0,0,1,0,1,0,1,0,0,0,0,0,0,0,0,0,0,0
-0.991685676869681,4,4,0,2,0.22140275816017,1,1,1,0,0,1,0,1,0,1,0,0,0,0,0,0,0,0,0,0,0
1.25569242587755,4,5,0,2,0.284025416687741,1,1,1,0,0,1,0,1,0,1,0,0,0,0,0,0,0,0,0,0,0
0.682658112634541,4,6,0,2,0.349858807576003,1,1,1,0,0,1,0,1,0,1,0,0,0,0,0,0,0,0,0,0,0
0.948108096079213,4,7,0,2,0.419067548593257,1,1,1,0,0,1,0,1,0,1,0,0,0,0,0,0,0,0,0,0,0
3.10184319608363,4,8,0,2,0.49182469764127,1,1,1,0,0,1,0,1,0,1,0,0,0,0,0,0,0,0,0,0,0
3.63874163671238,4,9,0,2,0.568312185490169,1,1,1,0,0,1,0,1,0,1,0,0,0,0,0,0,0,0,0,0,0
1.9575327937411,4,10,0,2,0.648721270700128,1,1,1,0,0,1,0,1,0,1,0,0,0,0,0,0,0,0,0,0,0
-2.33874835395599,5,1,0,1,0.01,0,0,0,0,1,1,1,0,0,0,0,0,0,0,0,0,0,0,0,0,0
2.73361081640862,5,2,0,1,0.01,0,0,0,0,1,1,1,0,0,0,0,0,0,0,0,0,0,0,0,0,0
1.0581353312683,5,3,0,1,0.01,0,0,0,0,1,1,1,0,0,0,0,0,0,0,0,0,0,0,0,0,0
0.706727773311182,5,4,0,1,0.01,0,0,0,0,1,1,1,0,0,0,0,0,0,0,0,0,0,0,0,0,0
2.74173066192425,5,5,0,1,0.01,0,0,0,0,1,1,1,0,0,0,0,0,0,0,0,0,0,0,0,0,0
1.63944450541364,5,6,0,1,0.01,0,0,0,0,1,1,1,0,0,0,0,0,0,0,0,0,0,0,0,0,0
0.437289239237249,5,7,0,1,0.01,0,0,0,0,1,1,1,0,0,0,0,0,0,0,0,0,0,0,0,0,0
-0.284423899390527,5,8,0,1,0.01,0,0,0,0,1,1,1,0,0,0,0,0,0,0,0,0,0,0,0,0,0
0.119036655100444,5,9,0,1,0.01,0,0,0,0,1,1,1,0,0,0,0,0,0,0,0,0,0,0,0,0,0
0.842617143425016,5,10,0,1,0.01,0,0,0,0,1,1,1,0,0,0,0,0,0,0,0,0,0,0,0,0,0
0.545455826604386,6,1,0,2,0.0512710963760241,1,1,0,1,1,1,0,1,0,0,0,0,0,0,0,0,0,0,0,0,0
1.76747391207954,6,2,0,2,0.105170918075648,1,1,0,1,1,1,0,1,0,0,0,0,0,0,0,0,0,0,0,0,0
0.91972559242238,6,3,0,2,0.161834242728283,1,1,0,1,1,1,0,1,0,0,0,0,0,0,0,0,0,0,0,0,0
-0.100629947312433,6,4,0,2,0.22140275816017,1,1,0,1,1,1,0,1,0,0,0,0,0,0,0,0,0,0,0,0,0
0.935215894262112,6,5,0,2,0.284025416687741,1,1,0,1,1,1,0,1,0,0,0,0,0,0,0,1,0,0,0,0,0
0.61977479501452,6,6,0,2,0.349858807576003,1,1,0,1,1,1,0,1,0,0,0,0,0,0,1,0,0,0,0,0,0
3.25212111613545,6,7,0,2,0.419067548593257,1,1,0,1,1,1,0,1,0,0,0,0,0,1,0,0,0,0,0,0,0
1.35347139492494,6,8,0,2,0.49182469764127,1,1,0,1,1,1,0,1,0,0,0,0,1,0,0,0,0,0,0,0,0
2.82613601980253,6,9,0,2,0.568312185490169,1,1,0,1,1,1,0,1,0,0,0,1,0,0,0,0,0,0,0,0,0
1.45028776698879,6,10,0,2,0.648721270700128,1,1,0,1,1,1,0,1,0,0,1,0,0,0,0,0,0,0,0,0,0
0.849178105876441,7,1,0,1,0.01,1,0,0,0,0,1,1,0,1,1,0,0,0,0,0,0,0,0,0,0,0
-0.189704550540346,7,2,0,1,0.01,1,0,0,0,0,1,1,0,1,1,0,0,0,0,0,0,0,0,0,0,0
0.934044059628003,7,3,0,1,0.01,1,0,0,0,0,1,1,0,1,1,0,0,0,0,0,0,0,0,0,0,0
-0.564231292494658,7,4,0,1,0.01,1,0,0,0,0,1,1,0,1,1,0,0,0,0,0,0,0,0,0,0,0
0.531006985396674,7,5,0,1,0.01,1,0,0,0,0,1,1,0,1,1,0,0,0,0,0,0,0,0,0,0,0
0.104736760649501,7,6,0,1,0.01,1,0,0,0,0,1,1,0,1,1,0,0,0,0,0,0,0,0,0,0,0
0.0842399009663995,7,7,0,1,0.01,1,0,0,0,0,1,1,0,1,1,0,0,0,0,0,0,0,0,0,0,0
0.431042654810726,7,8,0,1,0.01,1,0,0,0,0,1,1,0,1,1,0,0,0,0,0,0,0,0,0,0,0
1.15181983229239,7,9,0,1,0.01,1,0,0,0,0,1,1,0,1,1,0,0,0,0,0,0,0,0,0,0,0
-1.556407433969,7,10,0,1,0.01,1,0,0,0,0,1,1,0,1,1,0,0,0,0,0,0,0,0,0,0,0
0.115920866727636,8,1,0,2,0.0512710963760241,0,1,1,1,1,1,0,0,1,1,0,0,0,0,0,0,0,0,0,0,0
-0.128928279199671,8,2,0,2,0.105170918075648,0,1,1,1,1,1,0,0,1,1,0,0,0,0,0,0,0,0,0,0,0
1.11303192325215,8,3,0,2,0.161834242728283,0,1,1,1,1,1,0,0,1,1,0,0,0,0,0,0,0,0,0,0,0
-0.883766766073958,8,4,0,2,0.22140275816017,0,1,1,1,1,1,0,0,1,1,0,0,0,0,0,0,0,0,0,0,0
0.831910456739957,8,5,0,2,0.284025416687741,0,1,1,1,1,1,0,0,1,1,0,0,0,0,0,0,0,0,0,0,0
1.63431814992994,8,6,0,2,0.349858807576003,0,1,1,1,1,1,0,0,1,1,0,0,0,0,0,0,0,0,0,0,0
3.92155684701041,8,7,0,2,0.419067548593257,0,1,1,1,1,1,0,0,1,1,0,0,0,0,0,0,0,0,0,0,0
3.32865330330332,8,8,0,2,0.49182469764127,0,1,1,1,1,1,0,0,1,1,0,0,0,0,0,0,0,0,0,0,0
4.50107816383051,8,9,0,2,0.568312185490169,0,1,1,1,1,1,0,0,1,1,0,0,0,0,0,0,0,0,0,0,0
3.29589476700266,8,10,0,2,0.648721270700128,0,1,1,1,1,1,0,0,1,1,0,0,0,0,0,0,0,0,0,0,0
0.0650613012210556,9,1,0,1,0.01,1,0,0,1,1,1,1,0,1,0,0,0,0,0,0,0,0,0,0,0,0
-1.9439977727916,9,2,0,1,0.01,1,0,0,1,1,1,1,0,1,0,0,0,0,0,0,0,0,0,0,0,0
1.10097701707217,9,3,0,1,0.01,1,0,0,1,1,1,1,0,1,0,0,0,0,0,0,0,0,0,0,0,0
0.133814051559442,9,4,0,1,0.01,1,0,0,1,1,1,1,0,1,0,0,0,0,0,0,0,0,0,0,0,0
1.98308101209117,9,5,0,1,0.01,1,0,0,1,1,1,1,0,1,0,0,0,0,0,0,0,0,0,0,0,0
-1.78123635938481,9,6,0,1,0.01,1,0,0,1,1,1,1,0,1,0,0,0,0,0,0,0,0,0,0,0,0
0.2912381688601,9,7,0,1,0.01,1,0,0,1,1,1,1,0,1,0,0,0,0,0,0,0,0,0,0,0,0
-0.880377499856651,9,8,0,1,0.01,1,0,0,1,1,1,1,0,1,0,0,0,0,0,0,0,0,0,0,0,0
-0.477294245349791,9,9,0,1,0.01,1,0,0,1,1,1,1,0,1,0,0,0,0,0,0,0,0,0,0,0,0
-1.94209325348893,9,10,0,1,0.01,1,0,0,1,1,1,1,0,1,0,0,0,0,0,0,0,0,0,0,0,0
0.56425061248671,10,1,0,1,0.01,0,1,0,1,1,0,1,0,1,1,0,0,0,0,0,0,0,0,0,0,0
0.0649831079652817,10,2,0,1,0.01,0,1,0,1,1,0,1,0,1,1,0,0,0,0,0,0,0,0,0,0,0
1.35338788370348,10,3,0,1,0.01,0,1,0,1,1,0,1,0,1,1,0,0,0,0,0,0,0,0,0,0,0
1.88408628756835,10,4,0,1,0.01,0,1,0,1,1,0,1,0,1,1,0,0,0,0,0,0,0,0,0,0,0
-1.47168431747433,10,5,0,1,0.01,0,1,0,1,1,0,1,0,1,1,0,0,0,0,0,0,0,0,0,0,0
1.54558637135885,10,6,0,1,0.01,0,1,0,1,1,0,1,0,1,1,0,0,0,0,0,0,0,0,0,0,0
-0.0259260021745326,10,7,0,1,0.01,0,1,0,1,1,0,1,0,1,1,0,0,0,0,0,0,0,0,0,0,0
0.0798540350698784,10,8,0,1,0.01,0,1,0,1,1,0,1,0,1,1,0,0,0,0,0,0,0,0,0,0,0
1.09244862497472,10,9,0,1,0.01,0,1,0,1,1,0,1,0,1,1,0,0,0,0,0,0,0,0,0,0,0
1.2220839928794,10,10,0,1,0.01,0,1,0,1,1,0,1,0,1,1,0,0,0,0,0,0,0,0,0,0,0
0.430072797404847,11,1,0,2,0.0512710963760241,0,1,1,1,1,0,0,1,0,0,0,0,0,0,0,0,0,0,0,0,0
0.19303351334836,11,2,0,2,0.105170918075648,0,1,1,1,1,0,0,1,0,0,0,0,0,0,0,0,0,0,0,0,0
1.18393984897682,11,3,0,2,0.161834242728283,0,1,1,1,1,0,0,1,0,0,0,0,0,0,0,0,0,0,0,0,0
3.40402106112278,11,4,0,2,0.22140275816017,0,1,1,1,1,0,0,1,0,0,0,0,0,0,0,0,0,0,0,0,0
0.670951042351095,11,5,0,2,0.284025416687741,0,1,1,1,1,0,0,1,0,0,0,0,0,0,0,0,0,0,0,0,0
0.0861414046446916,11,6,0,2,0.349858807576003,0,1,1,1,1,0,0,1,0,0,0,0,0,0,0,0,0,0,0,0,0
1.21739183730713,11,7,0,2,0.419067548593257,0,1,1,1,1,0,0,1,0,0,0,0,0,0,0,0,0,0,0,0,0
1.1603481484865,11,8,0,2,0.49182469764127,0,1,1,1,1,0,0,1,0,0,0,0,0,0,0,0,0,0,0,0,0
1.94241795667942,11,9,0,2,0.568312185490169,0,1,1,1,1,0,0,1,0,0,0,0,0,0,0,0,0,0,0,0,0
4.10935910460485,11,10,0,2,0.648721270700128,0,1,1,1,1,0,0,1,0,0,0,0,0,0,0,0,0,0,0,0,0
0.86428964087155,12,1,0,2,0.0512710963760241,1,1,0,0,1,0,0,0,0,0,0,0,0,0,0,0,0,0,0,0,0
-1.32277875883624,12,2,0,2,0.105170918075648,1,1,0,0,1,0,0,0,0,0,0,0,0,0,0,0,0,0,0,0,0
0.923325529439447,12,3,0,2,0.161834242728283,1,1,0,0,1,0,0,0,0,0,0,0,0,0,0,0,0,0,0,0,0
1.78917713545933,12,4,0,2,0.22140275816017,1,1,0,0,1,0,0,0,0,0,0,0,0,0,0,0,0,0,0,0,0
1.49648112155833,12,5,0,2,0.284025416687741,1,1,0,0,1,0,0,0,0,0,0,0,0,0,0,0,0,0,0,0,0
2.05068923833146,12,6,0,2,0.349858807576003,1,1,0,0,1,0,0,0,0,0,0,0,0,0,0,0,0,0,0,0,0
2.07672646539344,12,7,0,2,0.419067548593257,1,1,0,0,1,0,0,0,0,0,0,0,0,0,0,0,0,0,0,0,0
2.56003652858479,12,8,0,2,0.49182469764127,1,1,0,0,1,0,0,0,0,0,0,0,0,0,0,0,0,0,0,0,0
4.66852002786255,12,9,0,2,0.568312185490169,1,1,0,0,1,0,0,0,0,0,0,0,0,0,0,0,0,0,0,0,0
1.38878999206815,12,10,0,2,0.648721270700128,1,1,0,0,1,0,0,0,0,0,0,0,0,0,0,0,0,0,0,0,0
0.0875520598918064,13,1,0,1,0.01,0,1,1,0,1,0,0,1,1,1,0,0,0,0,0,0,0,0,0,0,0
-0.247599051400658,13,2,0,1,0.01,0,1,1,0,1,0,0,1,1,1,0,0,0,0,0,0,0,0,0,0,0
0.310988958028339,13,3,0,1,0.01,0,1,1,0,1,0,0,1,1,1,0,0,0,0,0,0,0,0,0,0,0
2.08237641141477,13,4,0,1,0.01,0,1,1,0,1,0,0,1,1,1,0,0,0,0,0,0,0,0,0,0,0
-1.12104738792503,13,5,0,1,0.01,0,1,1,0,1,0,0,1,1,1,0,0,0,0,0,0,0,0,0,0,0
-0.694577625869038,13,6,0,1,0.01,0,1,1,0,1,0,0,1,1,1,0,0,0,0,0,0,0,0,0,0,0
-0.433346631607267,13,7,0,1,0.01,0,1,1,0,1,0,0,1,1,1,0,0,0,0,0,0,0,0,0,0,0
-0.214570259034743,13,8,0,1,0.01,0,1,1,0,1,0,0,1,1,1,0,0,0,0,0,0,0,0,0,0,0
-0.371389363323318,13,9,0,1,0.01,0,1,1,0,1,0,0,1,1,1,0,0,0,0,0,0,0,0,0,0,0
-1.68807033442749,13,10,0,1,0.01,0,1,1,0,1,0,0,1,1,1,0,0,0,0,0,0,0,0,0,0,0
-0.648037310319486,14,1,0,1,0.01,1,1,1,1,1,0,0,1,0,0,0,0,0,0,0,0,0,0,0,0,0
-2.17810955947853,14,2,0,1,0.01,1,1,1,1,1,0,0,1,0,0,0,0,0,0,0,0,0,0,0,0,0
-0.53211873689882,14,3,0,1,0.01,1,1,1,1,1,0,0,1,0,0,0,0,0,0,0,0,0,0,0,0,0
0.246111214535001,14,4,0,1,0.01,1,1,1,1,1,0,0,1,0,0,0,0,0,0,0,0,0,0,0,0,0
-2.21724195153956,14,5,0,1,0.01,1,1,1,1,1,0,0,1,0,0,0,0,0,0,0,0,0,0,0,0,0
-0.344872726314176,14,6,0,1,0.01,1,1,1,1,1,0,0,1,0,0,0,0,0,0,0,0,0,0,0,0,0
0.549233313354522,14,7,0,1,0.01,1,1,1,1,1,0,0,1,0,0,0,0,0,0,0,0,0,0,0,0,0
0.173107960534487,14,8,0,1,0.01,1,1,1,1,1,0,0,1,0,0,0,0,0,0,0,0,0,0,0,0,0
-0.298119784059106,14,9,0,1,0.01,1,1,1,1,1,0,0,1,0,0,0,0,0,0,0,0,0,0,0,0,0
0.562298642212748,14,10,0,1,0.01,1,1,1,1,1,0,0,1,0,0,0,0,0,0,0,0,0,0,0,0,0
-0.595143210766811,15,1,0,2,0.0512710963760241,1,1,1,1,0,1,1,1,1,0,0,0,0,0,0,0,0,0,0,0,0
0.107749711751342,15,2,0,2,0.105170918075648,1,1,1,1,0,1,1,1,1,0,0,0,0,0,0,0,0,0,0,0,0
0.420844615701993,15,3,0,2,0.161834242728283,1,1,1,1,0,1,1,1,1,0,0,0,0,0,0,0,0,0,0,0,0
0.909636687562118,15,4,0,2,0.22140275816017,1,1,1,1,0,1,1,1,1,0,0,0,0,0,0,0,0,0,0,0,0
0.673625958419673,15,5,0,2,0.284025416687741,1,1,1,1,0,1,1,1,1,0,0,0,0,0,0,0,0,0,0,0,0
2.48622305739751,15,6,0,2,0.349858807576003,1,1,1,1,0,1,1,1,1,0,0,0,0,0,0,0,0,0,0,0,0
1.69632562110973,15,7,0,2,0.419067548593257,1,1,1,1,0,1,1,1,1,0,0,0,0,0,0,0,0,0,0,0,0
1.62314069808995,15,8,0,2,0.49182469764127,1,1,1,1,0,1,1,1,1,0,0,0,0,0,0,0,0,0,0,0,0
2.64350828984881,15,9,0,2,0.568312185490169,1,1,1,1,0,1,1,1,1,0,0,0,0,0,0,0,0,0,0,0,0
4.27840100274632,15,10,0,2,0.648721270700128,1,1,1,1,0,1,1,1,1,0,0,0,0,0,0,0,0,0,0,0,0
-0.787627681331483,16,1,0,1,0.01,1,0,1,1,1,0,0,0,0,0,0,0,0,0,0,0,0,0,0,0,0
-0.143630897965394,16,2,0,1,0.01,1,0,1,1,1,0,0,0,0,0,0,0,0,0,0,0,0,0,0,0,0
0.0162175770423147,16,3,0,1,0.01,1,0,1,1,1,0,0,0,0,0,0,0,0,0,0,0,0,0,0,0,0
-0.518777091417426,16,4,0,1,0.01,1,0,1,1,1,0,0,0,0,0,0,0,0,0,0,0,0,0,0,0,0
-0.95196794541189,16,5,0,1,0.01,1,0,1,1,1,0,0,0,0,0,0,0,0,0,0,0,0,0,0,0,0
0.828110692053125,16,6,0,1,0.01,1,0,1,1,1,0,0,0,0,0,0,0,0,0,0,0,0,0,0,0,0
-0.265836990192038,16,7,0,1,0.01,1,0,1,1,1,0,0,0,0,0,0,0,0,0,0,0,0,0,0,0,0
1.75195558204127,16,8,0,1,0.01,1,0,1,1,1,0,0,0,0,0,0,0,0,0,0,0,0,0,0,0,0
0.639211329287832,16,9,0,1,0.01,1,0,1,1,1,0,0,0,0,0,0,0,0,0,0,0,0,0,0,0,0
0.475280260402881,16,10,0,1,0.01,1,0,1,1,1,0,0,0,0,0,0,0,0,0,0,0,0,0,0,0,0
2.40669978324611,17,1,0,2,0.0512710963760241,1,1,1,0,1,0,0,1,1,1,0,0,0,0,0,0,0,0,0,0,0
-1.98513968129767,17,2,0,2,0.105170918075648,1,1,1,0,1,0,0,1,1,1,0,0,0,0,0,0,0,0,0,0,0
-0.553372004236479,17,3,0,2,0.161834242728283,1,1,1,0,1,0,0,1,1,1,0,0,0,0,0,0,0,0,0,0,0
1.36100453671531,17,4,0,2,0.22140275816017,1,1,1,0,1,0,0,1,1,1,0,0,0,0,0,0,0,0,0,0,0
2.56411590986039,17,5,0,2,0.284025416687741,1,1,1,0,1,0,0,1,1,1,0,0,0,0,0,0,0,0,0,0,0
2.05687583181887,17,6,0,2,0.349858807576003,1,1,1,0,1,0,0,1,1,1,0,0,0,0,0,0,0,0,0,0,0
1.44891096320571,17,7,0,2,0.419067548593257,1,1,1,0,1,0,0,1,1,1,0,0,0,0,0,0,0,0,0,0,0
2.23897130326975,17,8,0,2,0.49182469764127,1,1,1,0,1,0,0,1,1,1,0,0,0,0,0,0,0,0,0,0,0
2.89681693824355,17,9,0,2,0.568312185490169,1,1,1,0,1,0,0,1,1,1,0,0,0,0,0,0,0,0,0,0,0
3.53049110414351,17,10,0,2,0.648721270700128,1,1,1,0,1,0,0,1,1,1,0,0,0,0,0,0,0,0,0,0,0
1.08882577394412,18,1,0,1,0.01,1,0,1,0,0,1,1,0,0,1,0,0,0,0,0,0,0,0,0,0,0
2.08725886284405,18,2,0,1,0.01,1,0,1,0,0,1,1,0,0,1,0,0,0,0,0,0,0,0,0,0,0
0.344595540107891,18,3,0,1,0.01,1,0,1,0,0,1,1,0,0,1,0,0,0,0,0,0,0,0,0,0,0
1.9824301215633,18,4,0,1,0.01,1,0,1,0,0,1,1,0,0,1,0,0,0,0,0,0,0,0,0,0,0
0.452696786600984,18,5,0,1,0.01,1,0,1,0,0,1,1,0,0,1,0,0,0,0,0,0,0,0,0,0,0
1.00973792138074,18,6,0,1,0.01,1,0,1,0,0,1,1,0,0,1,0,0,0,0,0,0,0,0,0,0,0
0.535054592320855,18,7,0,1,0.01,1,0,1,0,0,1,1,0,0,1,0,0,0,0,0,0,0,0,0,0,0
1.10827846817863,18,8,0,1,0.01,1,0,1,0,0,1,1,0,0,1,0,0,0,0,0,0,0,0,0,0,0
0.58099154629451,18,9,0,1,0.01,1,0,1,0,0,1,1,0,0,1,0,0,0,0,0,0,0,0,0,0,0
0.58218764529365,18,10,0,1,0.01,1,0,1,0,0,1,1,0,0,1,0,0,0,0,0,0,0,0,0,0,0
0.684403075902785,19,1,0,3,0.127496851579376,1,0,0,1,1,0,0,1,1,1,0,0,0,0,0,0,0,0,0,0,0
0.0746956091120068,19,2,0,3,0.271249150321405,1,0,0,1,1,0,0,1,1,1,0,0,0,0,0,0,0,0,0,0,0
1.69311115803857,19,3,0,3,0.43332941456034,1,0,0,1,1,0,0,1,1,1,0,0,0,0,0,0,0,0,0,0,0
1.80166599953922,19,4,0,3,0.616074402192893,1,0,0,1,1,0,0,1,1,1,0,0,0,0,0,0,0,0,0,0,0
5.79099419976802,19,5,0,3,0.822118800390509,1,0,0,1,1,0,0,1,1,1,0,0,0,0,0,1,0,0,0,0,0
5.3190101058649,19,6,0,3,1.05443321064389,1,0,0,1,1,0,0,1,1,1,0,0,0,0,1,0,0,0,0,0,0
8.7734256712379,19,7,0,3,1.31636697678109,1,0,0,1,1,0,0,1,1,1,0,0,0,1,0,0,0,0,0,0,0
6.8408168338163,19,8,0,3,1.61169647342312,1,0,0,1,1,0,0,1,1,1,0,0,1,0,0,0,0,0,0,0,0
10.051340997967,19,9,0,3,1.94467955106552,1,0,0,1,1,0,0,1,1,1,0,1,0,0,0,0,0,0,0,0,0
10.8068326625529,19,10,0,3,2.32011692273655,1,0,0,1,1,0,0,1,1,1,1,0,0,0,0,0,0,0,0,0,0
1.97689334344442,20,1,0,1,0.01,1,0,1,0,1,1,1,0,0,0,0,0,0,0,0,0,0,0,0,0,0
1.77423904580366,20,2,0,1,0.01,1,0,1,0,1,1,1,0,0,0,0,0,0,0,0,0,0,0,0,0,0
-0.703877166792775,20,3,0,1,0.01,1,0,1,0,1,1,1,0,0,0,0,0,0,0,0,0,0,0,0,0,0
-0.0303637237786016,20,4,0,1,0.01,1,0,1,0,1,1,1,0,0,0,0,0,0,0,0,0,0,0,0,0,0
-0.738035388311172,20,5,0,1,0.01,1,0,1,0,1,1,1,0,0,0,0,0,0,0,0,0,0,0,0,0,0
-1.5564697442789,20,6,0,1,0.01,1,0,1,0,1,1,1,0,0,0,0,0,0,0,0,0,0,0,0,0,0
-0.697869198920085,20,7,0,1,0.01,1,0,1,0,1,1,1,0,0,0,0,0,0,0,0,0,0,0,0,0,0
-0.823546143317689,20,8,0,1,0.01,1,0,1,0,1,1,1,0,0,0,0,0,0,0,0,0,0,0,0,0,0
1.0473474142478,20,9,0,1,0.01,1,0,1,0,1,1,1,0,0,0,0,0,0,0,0,0,0,0,0,0,0
-0.505434733432015,20,10,0,1,0.01,1,0,1,0,1,1,1,0,0,0,0,0,0,0,0,0,0,0,0,0,0
-0.016944564797581,21,1,0,1,0.01,1,0,0,0,0,1,0,0,0,0,0,0,0,0,0,0,0,0,0,0,0
1.56705205155813,21,2,0,1,0.01,1,0,0,0,0,1,0,0,0,0,0,0,0,0,0,0,0,0,0,0,0
1.06397906451714,21,3,0,1,0.01,1,0,0,0,0,1,0,0,0,0,0,0,0,0,0,0,0,0,0,0,0
1.82453291231694,21,4,0,1,0.01,1,0,0,0,0,1,0,0,0,0,0,0,0,0,0,0,0,0,0,0,0
0.668979942750395,21,5,0,1,0.01,1,0,0,0,0,1,0,0,0,0,0,0,0,0,0,0,0,0,0,0,0
-0.911084722542042,21,6,0,1,0.01,1,0,0,0,0,1,0,0,0,0,0,0,0,0,0,0,0,0,0,0,0
1.76281314271938,21,7,0,1,0.01,1,0,0,0,0,1,0,0,0,0,0,0,0,0,0,0,0,0,0,0,0
1.09166921963107,21,8,0,1,0.01,1,0,0,0,0,1,0,0,0,0,0,0,0,0,0,0,0,0,0,0,0
-1.2577591391651,21,9,0,1,0.01,1,0,0,0,0,1,0,0,0,0,0,0,0,0,0,0,0,0,0,0,0
-0.596877958240462,21,10,0,1,0.01,1,0,0,0,0,1,0,0,0,0,0,0,0,0,0,0,0,0,0,0,0
1.42955378280582,22,1,0,3,0.127496851579376,1,1,0,0,0,1,0,1,0,1,0,0,0,0,0,0,0,0,0,0,0
2.86105872131017,22,2,0,3,0.271249150321405,1,1,0,0,0,1,0,1,0,1,0,0,0,0,0,0,0,0,0,0,0
2.0135683059119,22,3,0,3,0.43332941456034,1,1,0,0,0,1,0,1,0,1,0,0,0,0,0,0,0,0,0,0,0
3.0649270552556,22,4,0,3,0.616074402192893,1,1,0,0,0,1,0,1,0,1,0,0,0,0,0,0,0,0,0,0,0
4.77236999388082,22,5,0,3,0.822118800390509,1,1,0,0,0,1,0,1,0,1,0,0,0,0,0,0,0,0,0,0,0
4.01179513782353,22,6,0,3,1.05443321064389,1,1,0,0,0,1,0,1,0,1,0,0,0,0,0,0,0,0,0,0,0
6.95664092829845,22,7,0,3,1.31636697678109,1,1,0,0,0,1,0,1,0,1,0,0,0,0,0,0,0,0,0,0,0
7.15551471272179,22,8,0,3,1.61169647342312,1,1,0,0,0,1,0,1,0,1,0,0,0,0,0,0,0,0,0,0,0
8.78179985779558,22,9,0,3,1.94467955106552,1,1,0,0,0,1,0,1,0,1,0,0,0,0,0,0,0,0,0,0,0
12.0671735838449,22,10,0,3,2.32011692273655,1,1,0,0,0,1,0,1,0,1,0,0,0,0,0,0,0,0,0,0,0
0.501089194874665,23,1,0,2,0.0512710963760241,0,0,1,0,0,1,0,0,0,0,0,0,0,0,0,0,0,0,0,0,0
-0.349084402568018,23,2,0,2,0.105170918075648,0,0,1,0,0,1,0,0,0,0,0,0,0,0,0,0,0,0,0,0,0
-0.667817654285226,23,3,0,2,0.161834242728283,0,0,1,0,0,1,0,0,0,0,0,0,0,0,0,0,0,0,0,0,0
1.80072115247101,23,4,0,2,0.22140275816017,0,0,1,0,0,1,0,0,0,0,0,0,0,0,0,0,0,0,0,0,0
1.44560442691501,23,5,0,2,0.284025416687741,0,0,1,0,0,1,0,0,0,0,0,0,0,0,0,0,0,0,0,0,0
1.63600955140671,23,6,0,2,0.349858807576003,0,0,1,0,0,1,0,0,0,0,0,0,0,0,0,0,0,0,0,0,0
3.14335125767316,23,7,0,2,0.419067548593257,0,0,1,0,0,1,0,0,0,0,0,0,0,0,0,0,0,0,0,0,0
2.42630434152092,23,8,0,2,0.49182469764127,0,0,1,0,0,1,0,0,0,0,0,0,0,0,0,0,0,0,0,0,0
2.85667255859012,23,9,0,2,0.568312185490169,0,0,1,0,0,1,0,0,0,0,0,0,0,0,0,0,0,0,0,0,0
3.2793292623103,23,10,0,2,0.648721270700128,0,0,1,0,0,1,0,0,0,0,0,0,0,0,0,0,0,0,0,0,0
-0.0750882138856835,24,1,0,1,0.01,1,0,1,1,0,0,0,1,1,1,0,0,0,0,0,0,0,0,0,0,0
-1.27530782659971,24,2,0,1,0.01,1,0,1,1,0,0,0,1,1,1,0,0,0,0,0,0,0,0,0,0,0
-0.938131049442292,24,3,0,1,0.01,1,0,1,1,0,0,0,1,1,1,0,0,0,0,0,0,0,0,0,0,0
-0.673452218229726,24,4,0,1,0.01,1,0,1,1,0,0,0,1,1,1,0,0,0,0,0,0,0,0,0,0,0
2.32605508400971,24,5,0,1,0.01,1,0,1,1,0,0,0,1,1,1,0,0,0,0,0,0,0,0,0,0,0
-0.342139079191327,24,6,0,1,0.01,1,0,1,1,0,0,0,1,1,1,0,0,0,0,0,0,0,0,0,0,0
0.28184262670205,24,7,0,1,0.01,1,0,1,1,0,0,0,1,1,1,0,0,0,0,0,0,0,0,0,0,0
-0.735805947787455,24,8,0,1,0.01,1,0,1,1,0,0,0,1,1,1,0,0,0,0,0,0,0,0,0,0,0
-0.21981416202544,24,9,0,1,0.01,1,0,1,1,0,0,0,1,1,1,0,0,0,0,0,0,0,0,0,0,0
-1.19974728496525,24,10,0,1,0.01,1,0,1,1,0,0,0,1,1,1,0,0,0,0,0,0,0,0,0,0,0
2.55045915964471,25,1,0,3,0.127496851579376,1,1,0,0,0,0,0,1,1,1,0,0,0,0,1,0,0,0,0,0,0
0.241555515520967,25,2,0,3,0.271249150321405,1,1,0,0,0,0,0,1,1,1,0,0,0,1,0,0,0,0,0,0,0
-0.330517912962671,25,3,0,3,0.43332941456034,1,1,0,0,0,0,0,1,1,1,0,0,1,0,0,0,0,0,0,0,0
1.99876710783938,25,4,0,3,0.616074402192893,1,1,0,0,0,0,0,1,1,1,0,1,0,0,0,0,0,0,0,0,0
4.05494309804771,25,5,0,3,0.822118800390509,1,1,0,0,0,0,0,1,1,1,1,0,0,0,0,0,0,0,0,0,0
5.14960253523129,25,6,0,3,1.05443321064389,1,1,0,0,0,0,0,1,1,1,0,0,0,0,0,0,1,0,0,0,0
7.70149483945827,25,7,0,3,1.31636697678109,1,1,0,0,0,0,0,1,1,1,0,0,0,0,0,0,0,1,0,0,0
7.98095963301316,25,8,0,3,1.61169647342312,1,1,0,0,0,0,0,1,1,1,0,0,0,0,0,0,0,0,1,0,0
9.96428517879331,25,9,0,3,1.94467955106552,1,1,0,0,0,0,0,1,1,1,0,0,0,0,0,0,0,0,0,1,0
12.5859850115637,25,10,0,3,2.32011692273655,1,1,0,0,0,0,0,1,1,1,0,0,0,0,0,0,0,0,0,0,1
-2.0877317715634,26,1,0,1,0.01,0,0,1,1,1,1,1,0,0,1,0,0,0,0,0,0,0,0,0,0,0
0.79348804102596,26,2,0,1,0.01,0,0,1,1,1,1,1,0,0,1,0,0,0,0,0,0,0,0,0,0,0
2.08717194300654,26,3,0,1,0.01,0,0,1,1,1,1,1,0,0,1,0,0,0,0,0,0,0,0,0,0,0
1.83198965311891,26,4,0,1,0.01,0,0,1,1,1,1,1,0,0,1,0,0,0,0,0,0,0,0,0,0,0
2.29915935930521,26,5,0,1,0.01,0,0,1,1,1,1,1,0,0,1,0,0,0,0,0,0,0,0,0,0,0
0.775254776366672,26,6,0,1,0.01,0,0,1,1,1,1,1,0,0,1,0,0,0,0,0,0,0,0,0,0,0
-0.79142740151536,26,7,0,1,0.01,0,0,1,1,1,1,1,0,0,1,0,0,0,0,0,0,0,0,0,0,0
0.15531910864755,26,8,0,1,0.01,0,0,1,1,1,1,1,0,0,1,0,0,0,0,0,0,0,0,0,0,0
0.919556061497286,26,9,0,1,0.01,0,0,1,1,1,1,1,0,0,1,0,0,0,0,0,0,0,0,0,0,0
0.524067877578767,26,10,0,1,0.01,0,0,1,1,1,1,1,0,0,1,0,0,0,0,0,0,0,0,0,0,0
0.350786621734896,27,1,0,2,0.0512710963760241,1,1,0,0,1,0,1,1,0,1,0,0,0,0,0,0,0,0,0,0,0
0.565914402994028,27,2,0,2,0.105170918075648,1,1,0,0,1,0,1,1,0,1,0,0,0,0,0,0,0,0,0,0,0
1.47331795878957,27,3,0,2,0.161834242728283,1,1,0,0,1,0,1,1,0,1,0,0,0,0,0,0,0,0,0,0,0
0.572643796369218,27,4,0,2,0.22140275816017,1,1,0,0,1,0,1,1,0,1,0,0,0,0,0,0,0,0,0,0,0
2.88417684936536,27,5,0,2,0.284025416687741,1,1,0,0,1,0,1,1,0,1,0,0,0,0,0,0,0,0,0,0,0
2.31534127996268,27,6,0,2,0.349858807576003,1,1,0,0,1,0,1,1,0,1,0,0,0,0,0,0,0,0,0,0,0
-0.119081039894008,27,7,0,2,0.419067548593257,1,1,0,0,1,0,1,1,0,1,0,0,0,0,0,0,0,0,0,0,0
1.66660206778244,27,8,0,2,0.49182469764127,1,1,0,0,1,0,1,1,0,1,0,0,0,0,0,0,0,0,0,0,0
2.88646132643992,27,9,0,2,0.568312185490169,1,1,0,0,1,0,1,1,0,1,0,0,0,0,0,0,0,0,0,0,0
2.8129486759073,27,10,0,2,0.648721270700128,1,1,0,0,1,0,1,1,0,1,0,0,0,0,0,0,0,0,0,0,0
0.303819044432023,28,1,0,1,0.01,1,1,0,0,1,1,1,0,1,0,0,0,0,0,0,0,0,0,0,0,0
-0.495266203604699,28,2,0,1,0.01,1,1,0,0,1,1,1,0,1,0,0,0,0,0,0,0,0,0,0,0,0
0.06412999212238,28,3,0,1,0.01,1,1,0,0,1,1,1,0,1,0,0,0,0,0,0,0,0,0,0,0,0
-0.00820524615982526,28,4,0,1,0.01,1,1,0,0,1,1,1,0,1,0,0,0,0,0,0,0,0,0,0,0,0
-0.285501964017088,28,5,0,1,0.01,1,1,0,0,1,1,1,0,1,0,0,0,0,0,0,0,0,0,0,0,0
-0.72437250907262,28,6,0,1,0.01,1,1,0,0,1,1,1,0,1,0,0,0,0,0,0,0,0,0,0,0,0
1.11059479209782,28,7,0,1,0.01,1,1,0,0,1,1,1,0,1,0,0,0,0,0,0,0,0,0,0,0,0
-0.784930674446909,28,8,0,1,0.01,1,1,0,0,1,1,1,0,1,0,0,0,0,0,0,0,0,0,0,0,0
-0.0602584785746171,28,9,0,1,0.01,1,1,0,0,1,1,1,0,1,0,0,0,0,0,0,0,0,0,0,0,0
-0.743664250040807,28,10,0,1,0.01,1,1,0,0,1,1,1,0,1,0,0,0,0,0,0,0,0,0,0,0,0
-0.379167124792662,29,1,0,1,0.01,1,0,0,0,0,1,0,1,0,1,0,0,0,0,0,0,0,0,0,0,0
0.661742791291207,29,2,0,1,0.01,1,0,0,0,0,1,0,1,0,1,0,0,0,0,0,0,0,0,0,0,0
-0.0808651973308539,29,3,0,1,0.01,1,0,0,0,0,1,0,1,0,1,0,0,0,0,0,0,0,0,0,0,0
-0.499139661897808,29,4,0,1,0.01,1,0,0,0,0,1,0,1,0,1,0,0,0,0,0,0,0,0,0,0,0
-0.138067066474286,29,5,0,1,0.01,1,0,0,0,0,1,0,1,0,1,0,0,0,0,0,0,0,0,0,0,0
-0.0939322154047736,29,6,0,1,0.01,1,0,0,0,0,1,0,1,0,1,0,0,0,0,0,0,0,0,0,0,0
0.463110066528954,29,7,0,1,0.01,1,0,0,0,0,1,0,1,0,1,0,0,0,0,0,0,0,0,0,0,0
-0.586377004040384,29,8,0,1,0.01,1,0,0,0,0,1,0,1,0,1,0,0,0,0,0,0,0,0,0,0,0
-0.122286247528837,29,9,0,1,0.01,1,0,0,0,0,1,0,1,0,1,0,0,0,0,0,0,0,0,0,0,0
-0.751734572038071,29,10,0,1,0.01,1,0,0,0,0,1,0,1,0,1,0,0,0,0,0,0,0,0,0,0,0
-0.158061282837841,30,1,0,1,0.01,1,1,0,0,1,0,1,0,1,1,0,0,0,0,0,0,0,0,0,0,0
-0.197878679660518,30,2,0,1,0.01,1,1,0,0,1,0,1,0,1,1,0,0,0,0,0,0,0,0,0,0,0
-0.155643877904476,30,3,0,1,0.01,1,1,0,0,1,0,1,0,1,1,0,0,0,0,0,0,0,0,0,0,0
1.09332454402074,30,4,0,1,0.01,1,1,0,0,1,0,1,0,1,1,0,0,0,0,0,0,0,0,0,0,0
0.819353366750907,30,5,0,1,0.01,1,1,0,0,1,0,1,0,1,1,0,0,0,0,0,0,0,0,0,0,0
0.912310998411238,30,6,0,1,0.01,1,1,0,0,1,0,1,0,1,1,0,0,0,0,0,0,0,0,0,0,0
-0.189164380617337,30,7,0,1,0.01,1,1,0,0,1,0,1,0,1,1,0,0,0,0,0,0,0,0,0,0,0
-1.06097556603792,30,8,0,1,0.01,1,1,0,0,1,0,1,0,1,1,0,0,0,0,0,0,0,0,0,0,0
1.37076537429983,30,9,0,1,0.01,1,1,0,0,1,0,1,0,1,1,0,0,0,0,0,0,0,0,0,0,0
0.0218112196009337,30,10,0,1,0.01,1,1,0,0,1,0,1,0,1,1,0,0,0,0,0,0,0,0,0,0,0
-0.657310809748863,31,1,0,1,0.01,1,1,0,0,0,1,0,0,0,1,0,0,0,0,0,0,0,0,0,0,0
1.14644893436667,31,2,0,1,0.01,1,1,0,0,0,1,0,0,0,1,0,0,0,0,0,0,0,0,0,0,0
-0.0802463936221767,31,3,0,1,0.01,1,1,0,0,0,1,0,0,0,1,0,0,0,0,0,0,0,0,0,0,0
-1.46721067399622,31,4,0,1,0.01,1,1,0,0,0,1,0,0,0,1,0,0,0,0,0,0,0,0,0,0,0
1.10352132560818,31,5,0,1,0.01,1,1,0,0,0,1,0,0,0,1,0,0,0,0,0,0,0,0,0,0,0
-1.25618768769745,31,6,0,1,0.01,1,1,0,0,0,1,0,0,0,1,0,0,0,0,0,0,0,0,0,0,0
0.715834664158819,31,7,0,1,0.01,1,1,0,0,0,1,0,0,0,1,0,0,0,0,0,0,0,0,0,0,0
-0.264415249245263,31,8,0,1,0.01,1,1,0,0,0,1,0,0,0,1,0,0,0,0,0,0,0,0,0,0,0
0.446622596872845,31,9,0,1,0.01,1,1,0,0,0,1,0,0,0,1,0,0,0,0,0,0,0,0,0,0,0
-1.28142932899874,31,10,0,1,0.01,1,1,0,0,0,1,0,0,0,1,0,0,0,0,0,0,0,0,0,0,0
-0.422115712140347,32,1,0,2,0.0512710963760241,0,0,1,1,1,0,1,1,1,1,0,0,0,0,0,0,0,0,0,0,0
1.94666245498006,32,2,0,2,0.105170918075648,0,0,1,1,1,0,1,1,1,1,0,0,0,0,0,0,0,0,0,0,0
0.371742538042441,32,3,0,2,0.161834242728283,0,0,1,1,1,0,1,1,1,1,0,0,0,0,0,0,0,0,0,0,0
-1.10786735125734,32,4,0,2,0.22140275816017,0,0,1,1,1,0,1,1,1,1,0,0,0,0,0,0,0,0,0,0,0
2.87442485277568,32,5,0,2,0.284025416687741,0,0,1,1,1,0,1,1,1,1,0,0,0,0,0,0,0,0,0,0,0
3.30840819999026,32,6,0,2,0.349858807576003,0,0,1,1,1,0,1,1,1,1,0,0,0,0,0,0,0,0,0,0,0
2.24552780679949,32,7,0,2,0.419067548593257,0,0,1,1,1,0,1,1,1,1,0,0,0,0,0,0,0,0,0,0,0
1.73162151906915,32,8,0,2,0.49182469764127,0,0,1,1,1,0,1,1,1,1,0,0,0,0,0,0,0,0,0,0,0
2.55618731135164,32,9,0,2,0.568312185490169,0,0,1,1,1,0,1,1,1,1,0,0,0,0,0,0,0,0,0,0,0
3.68394097754559,32,10,0,2,0.648721270700128,0,0,1,1,1,0,1,1,1,1,0,0,0,0,0,0,0,0,0,0,0
1.30336477780503,33,1,0,2,0.0512710963760241,1,1,1,0,1,1,0,1,1,1,0,0,0,0,0,0,0,0,0,0,0
0.882833233324496,33,2,0,2,0.105170918075648,1,1,1,0,1,1,0,1,1,1,0,0,0,0,0,0,0,0,0,0,0
1.92946084990119,33,3,0,2,0.161834242728283,1,1,1,0,1,1,0,1,1,1,0,0,0,0,0,0,0,0,0,0,0
2.39543782984995,33,4,0,2,0.22140275816017,1,1,1,0,1,1,0,1,1,1,0,0,0,0,0,0,0,0,0,0,0
1.78201480906833,33,5,0,2,0.284025416687741,1,1,1,0,1,1,0,1,1,1,0,0,0,0,0,0,0,0,0,0,0
1.7587100440821,33,6,0,2,0.349858807576003,1,1,1,0,1,1,0,1,1,1,0,0,0,0,0,0,0,0,0,0,0
1.67921587496348,33,7,0,2,0.419067548593257,1,1,1,0,1,1,0,1,1,1,0,0,0,0,0,0,0,0,0,0,0
1.78921627353248,33,8,0,2,0.49182469764127,1,1,1,0,1,1,0,1,1,1,0,0,0,0,0,0,0,0,0,0,0
2.94647858294475,33,9,0,2,0.568312185490169,1,1,1,0,1,1,0,1,1,1,0,0,0,0,0,0,0,0,0,0,0
2.24300133041762,33,10,0,2,0.648721270700128,1,1,1,0,1,1,0,1,1,1,0,0,0,0,0,0,0,0,0,0,0
-0.180775476061887,34,1,0,2,0.0512710963760241,1,0,0,1,0,1,0,0,0,0,0,0,0,0,0,0,0,0,0,0,0
-0.954707159232246,34,2,0,2,0.105170918075648,1,0,0,1,0,1,0,0,0,0,0,0,0,0,0,0,0,0,0,0,0
1.46325511823721,34,3,0,2,0.161834242728283,1,0,0,1,0,1,0,0,0,0,0,0,0,0,0,0,0,0,0,0,0
0.255291423085347,34,4,0,2,0.22140275816017,1,0,0,1,0,1,0,0,0,0,0,0,0,0,0,0,0,0,0,0,0
0.585756538404286,34,5,0,2,0.284025416687741,1,0,0,1,0,1,0,0,0,0,0,0,0,0,0,0,0,0,0,0,0
2.86247135021151,34,6,0,2,0.349858807576003,1,0,0,1,0,1,0,0,0,0,0,0,0,0,0,0,0,0,0,0,0
3.57237637416338,34,7,0,2,0.419067548593257,1,0,0,1,0,1,0,0,0,0,0,0,0,0,0,0,0,0,0,0,0
1.26725519318074,34,8,0,2,0.49182469764127,1,0,0,1,0,1,0,0,0,0,0,0,0,0,0,0,0,0,0,0,0
2.80945155923274,34,9,0,2,0.568312185490169,1,0,0,1,0,1,0,0,0,0,0,0,0,0,0,0,0,0,0,0,0
4.58459129630768,34,10,0,2,0.648721270700128,1,0,0,1,0,1,0,0,0,0,0,0,0,0,0,0,0,0,0,0,0
0.176081413989188,35,1,0,2,0.0512710963760241,1,0,1,0,1,0,0,0,1,1,0,0,0,0,0,0,0,0,0,0,0
-0.848113419930396,35,2,0,2,0.105170918075648,1,0,1,0,1,0,0,0,1,1,0,0,0,0,0,0,0,0,0,0,0
2.22857867830074,35,3,0,2,0.161834242728283,1,0,1,0,1,0,0,0,1,1,0,0,0,0,0,0,0,0,0,0,0
1.76381816823385,35,4,0,2,0.22140275816017,1,0,1,0,1,0,0,0,1,1,0,0,0,0,0,1,0,0,0,0,0
-0.0389243040342782,35,5,0,2,0.284025416687741,1,0,1,0,1,0,0,0,1,1,0,0,0,0,1,0,0,0,0,0,0
1.7657004790365,35,6,0,2,0.349858807576003,1,0,1,0,1,0,0,0,1,1,0,0,0,1,0,0,0,0,0,0,0
4.1992166828239,35,7,0,2,0.419067548593257,1,0,1,0,1,0,0,0,1,1,0,0,1,0,0,0,0,0,0,0,0
1.58891514683869,35,8,0,2,0.49182469764127,1,0,1,0,1,0,0,0,1,1,0,1,0,0,0,0,0,0,0,0,0
2.11581431246161,35,9,0,2,0.568312185490169,1,0,1,0,1,0,0,0,1,1,1,0,0,0,0,0,0,0,0,0,0
3.0005766328808,35,10,0,2,0.648721270700128,1,0,1,0,1,0,0,0,1,1,0,0,0,0,0,0,1,0,0,0,0
-0.326154289973965,36,1,0,1,0.01,0,0,1,1,0,1,0,1,1,1,0,0,0,0,0,0,0,0,0,0,0
-0.913481824420834,36,2,0,1,0.01,0,0,1,1,0,1,0,1,1,1,0,0,0,0,0,0,0,0,0,0,0
-0.659669997485766,36,3,0,1,0.01,0,0,1,1,0,1,0,1,1,1,0,0,0,0,0,0,0,0,0,0,0
1.89515547291862,36,4,0,1,0.01,0,0,1,1,0,1,0,1,1,1,0,0,0,0,0,0,0,0,0,0,0
-1.40890763485816,36,5,0,1,0.01,0,0,1,1,0,1,0,1,1,1,0,0,0,0,0,0,0,0,0,0,0
-0.332747541830414,36,6,0,1,0.01,0,0,1,1,0,1,0,1,1,1,0,0,0,0,0,0,0,0,0,0,0
-1.30213594276343,36,7,0,1,0.01,0,0,1,1,0,1,0,1,1,1,0,0,0,0,0,0,0,0,0,0,0
-0.484706294621793,36,8,0,1,0.01,0,0,1,1,0,1,0,1,1,1,0,0,0,0,0,0,0,0,0,0,0
0.429845148605244,36,9,0,1,0.01,0,0,1,1,0,1,0,1,1,1,0,0,0,0,0,0,0,0,0,0,0
2.68357341279394,36,10,0,1,0.01,0,0,1,1,0,1,0,1,1,1,0,0,0,0,0,0,0,0,0,0,0
-0.920651794281429,37,1,0,2,0.0512710963760241,0,0,1,0,0,1,0,0,1,1,0,0,0,0,0,0,0,0,0,0,0
1.04516223931743,37,2,0,2,0.105170918075648,0,0,1,0,0,1,0,0,1,1,0,0,0,0,0,0,0,0,0,0,0
1.27943635175668,37,3,0,2,0.161834242728283,0,0,1,0,0,1,0,0,1,1,0,0,0,0,0,0,0,0,0,0,0
1.23276187005104,37,4,0,2,0.22140275816017,0,0,1,0,0,1,0,0,1,1,0,0,0,0,0,0,0,0,0,0,0
3.40662694122539,37,5,0,2,0.284025416687741,0,0,1,0,0,1,0,0,1,1,0,0,0,0,0,0,0,0,0,0,0
2.34263069815822,37,6,0,2,0.349858807576003,0,0,1,0,0,1,0,0,1,1,0,0,0,0,0,0,0,0,0,0,0
1.84207632579186,37,7,0,2,0.419067548593257,0,0,1,0,0,1,0,0,1,1,0,0,0,0,0,0,0,0,0,0,0
2.65956325335249,37,8,0,2,0.49182469764127,0,0,1,0,0,1,0,0,1,1,0,0,0,0,0,0,0,0,0,0,0
3.56378658955883,37,9,0,2,0.568312185490169,0,0,1,0,0,1,0,0,1,1,0,0,0,0,0,0,0,0,0,0,0
2.80572716282623,37,10,0,2,0.648721270700128,0,0,1,0,0,1,0,0,1,1,0,0,0,0,0,0,0,0,0,0,0
1.37114504047553,38,1,0,1,0.01,0,1,0,1,0,1,0,1,0,1,0,0,0,0,0,0,0,0,0,0,0
0.222506175979817,38,2,0,1,0.01,0,1,0,1,0,1,0,1,0,1,0,0,0,0,0,0,0,0,0,0,0
1.20599108964754,38,3,0,1,0.01,0,1,0,1,0,1,0,1,0,1,0,0,0,0,0,0,0,0,0,0,0
-1.15273300561545,38,4,0,1,0.01,0,1,0,1,0,1,0,1,0,1,0,0,0,0,0,0,0,0,0,0,0
-0.75818840095705,38,5,0,1,0.01,0,1,0,1,0,1,0,1,0,1,0,0,0,0,0,0,0,0,0,0,0
0.159253322990994,38,6,0,1,0.01,0,1,0,1,0,1,0,1,0,1,0,0,0,0,0,0,0,0,0,0,0
0.125477026645836,38,7,0,1,0.01,0,1,0,1,0,1,0,1,0,1,0,0,0,0,0,0,0,0,0,0,0
0.322616496914873,38,8,0,1,0.01,0,1,0,1,0,1,0,1,0,1,0,0,0,0,0,0,0,0,0,0,0
-1.99781158976224,38,9,0,1,0.01,0,1,0,1,0,1,0,1,0,1,0,0,0,0,0,0,0,0,0,0,0
-0.0605538823276189,38,10,0,1,0.01,0,1,0,1,0,1,0,1,0,1,0,0,0,0,0,0,0,0,0,0,0
0.341732040940231,39,1,0,2,0.0512710963760241,0,1,1,0,0,0,1,1,0,1,0,0,0,0,0,0,0,0,0,0,0
1.17723589042977,39,2,0,2,0.105170918075648,0,1,1,0,0,0,1,1,0,1,0,0,0,0,0,0,0,0,0,0,0
2.23117944766819,39,3,0,2,0.161834242728283,0,1,1,0,0,0,1,1,0,1,0,0,0,0,0,0,0,0,0,0,0
2.39989796073112,39,4,0,2,0.22140275816017,0,1,1,0,0,0,1,1,0,1,0,0,0,0,0,1,0,0,0,0,0
1.32406353446788,39,5,0,2,0.284025416687741,0,1,1,0,0,0,1,1,0,1,0,0,0,0,1,0,0,0,0,0,0
0.643800417658775,39,6,0,2,0.349858807576003,0,1,1,0,0,0,1,1,0,1,0,0,0,1,0,0,0,0,0,0,0
0.901849822935177,39,7,0,2,0.419067548593257,0,1,1,0,0,0,1,1,0,1,0,0,1,0,0,0,0,0,0,0,0
2.7609699076776,39,8,0,2,0.49182469764127,0,1,1,0,0,0,1,1,0,1,0,1,0,0,0,0,0,0,0,0,0
3.25029360940461,39,9,0,2,0.568312185490169,0,1,1,0,0,0,1,1,0,1,1,0,0,0,0,0,0,0,0,0,0
2.62244251316456,39,10,0,2,0.648721270700128,0,1,1,0,0,0,1,1,0,1,0,0,0,0,0,0,1,0,0,0,0
1.45882538218647,40,1,0,2,0.0512710963760241,1,0,0,1,1,0,1,1,1,1,0,0,0,0,0,0,0,0,0,0,0
0.576857359026667,40,2,0,2,0.105170918075648,1,0,0,1,1,0,1,1,1,1,0,0,0,0,0,0,0,0,0,0,0
0.653093552086227,40,3,0,2,0.161834242728283,1,0,0,1,1,0,1,1,1,1,0,0,0,0,0,0,0,0,0,0,0
1.19264269481641,40,4,0,2,0.22140275816017,1,0,0,1,1,0,1,1,1,1,0,0,0,0,0,0,0,0,0,0,0
2.49221696946925,40,5,0,2,0.284025416687741,1,0,0,1,1,0,1,1,1,1,0,0,0,0,0,0,0,0,0,0,0
1.18943447659783,40,6,0,2,0.349858807576003,1,0,0,1,1,0,1,1,1,1,0,0,0,0,0,0,0,0,0,0,0
1.45799729023855,40,7,0,2,0.419067548593257,1,0,0,1,1,0,1,1,1,1,0,0,0,0,0,0,0,0,0,0,0
2.70699003890838,40,8,0,2,0.49182469764127,1,0,0,1,1,0,1,1,1,1,0,0,0,0,0,0,0,0,0,0,0
3.47378783961104,40,9,0,2,0.568312185490169,1,0,0,1,1,0,1,1,1,1,0,0,0,0,0,0,0,0,0,0,0
2.86288108012353,40,10,0,2,0.648721270700128,1,0,0,1,1,0,1,1,1,1,0,0,0,0,0,0,0,0,0,0,0
0.35347756330603,41,1,0,1,0.01,0,0,0,1,1,1,1,1,0,0,0,0,0,0,0,0,0,0,0,0,0
0.251372416959216,41,2,0,1,0.01,0,0,0,1,1,1,1,1,0,0,0,0,0,0,0,0,0,0,0,0,0
1.53850078418162,41,3,0,1,0.01,0,0,0,1,1,1,1,1,0,0,0,0,0,0,0,0,0,0,0,0,0
-0.322193857784536,41,4,0,1,0.01,0,0,0,1,1,1,1,1,0,0,0,0,0,0,0,0,0,0,0,0,0
-0.563137920019026,41,5,0,1,0.01,0,0,0,1,1,1,1,1,0,0,0,0,0,0,0,0,0,0,0,0,0
-0.0306564423764355,41,6,0,1,0.01,0,0,0,1,1,1,1,1,0,0,0,0,0,0,0,0,0,0,0,0,0
-0.163794191079125,41,7,0,1,0.01,0,0,0,1,1,1,1,1,0,0,0,0,0,0,0,0,0,0,0,0,0
-0.830262173270108,41,8,0,1,0.01,0,0,0,1,1,1,1,1,0,0,0,0,0,0,0,0,0,0,0,0,0
-0.229412809360113,41,9,0,1,0.01,0,0,0,1,1,1,1,1,0,0,0,0,0,0,0,0,0,0,0,0,0
0.332645715942601,41,10,0,1,0.01,0,0,0,1,1,1,1,1,0,0,0,0,0,0,0,0,0,0,0,0,0
1.21665605092695,42,1,0,3,0.127496851579376,0,0,0,0,0,1,0,1,1,0,0,0,0,0,0,0,0,0,0,0,0
2.19139946677539,42,2,0,3,0.271249150321405,0,0,0,0,0,1,0,1,1,0,0,0,0,0,0,0,0,0,0,0,0
0.874460729110621,42,3,0,3,0.43332941456034,0,0,0,0,0,1,0,1,1,0,0,0,0,0,0,0,0,0,0,0,0
2.55027672790133,42,4,0,3,0.616074402192893,0,0,0,0,0,1,0,1,1,0,0,0,0,0,0,1,0,0,0,0,0
4.01524913543476,42,5,0,3,0.822118800390509,0,0,0,0,0,1,0,1,1,0,0,0,0,0,1,0,0,0,0,0,0
5.8953210263666,42,6,0,3,1.05443321064389,0,0,0,0,0,1,0,1,1,0,0,0,0,1,0,0,0,0,0,0,0
8.17752005356375,42,7,0,3,1.31636697678109,0,0,0,0,0,1,0,1,1,0,0,0,1,0,0,0,0,0,0,0,0
8.18387226153292,42,8,0,3,1.61169647342312,0,0,0,0,0,1,0,1,1,0,0,1,0,0,0,0,0,0,0,0,0
9.69502937306739,42,9,0,3,1.94467955106552,0,0,0,0,0,1,0,1,1,0,1,0,0,0,0,0,0,0,0,0,0
11.3479753943422,42,10,0,3,2.32011692273655,0,0,0,0,0,1,0,1,1,0,0,0,0,0,0,0,1,0,0,0,0
0.666508897006311,43,1,0,1,0.01,1,1,1,1,1,0,1,0,1,0,1,0,0,0,0,0,0,0,0,0,0
0.196039595809421,43,2,0,1,0.01,1,1,1,1,1,0,1,0,1,0,0,0,0,0,0,0,1,0,0,0,0
-2.55457724428385,43,3,0,1,0.01,1,1,1,1,1,0,1,0,1,0,0,0,0,0,0,0,0,1,0,0,0
0.695717205277585,43,4,0,1,0.01,1,1,1,1,1,0,1,0,1,0,0,0,0,0,0,0,0,0,1,0,0
-0.019142923612117,43,5,0,1,0.01,1,1,1,1,1,0,1,0,1,0,0,0,0,0,0,0,0,0,0,1,0
-0.51350645949031,43,6,0,1,0.01,1,1,1,1,1,0,1,0,1,0,0,0,0,0,0,0,0,0,0,0,1
-0.269084531637784,43,7,0,1,0.01,1,1,1,1,1,0,1,0,1,0,0,0,0,0,0,0,0,0,0,0,0
0.343053111444017,43,8,0,1,0.01,1,1,1,1,1,0,1,0,1,0,0,0,0,0,0,0,0,0,0,0,0
-0.464670394003516,43,9,0,1,0.01,1,1,1,1,1,0,1,0,1,0,0,0,0,0,0,0,0,0,0,0,0
0.431849152224483,43,10,0,1,0.01,1,1,1,1,1,0,1,0,1,0,0,0,0,0,0,0,0,0,0,0,0
0.124667154319428,44,1,0,3,0.127496851579376,1,0,1,1,1,0,1,0,0,1,0,0,0,0,0,0,0,0,0,0,0
-0.0152192470518939,44,2,0,3,0.271249150321405,1,0,1,1,1,0,1,0,0,1,0,0,0,0,0,0,0,0,0,0,0
1.96728164883541,44,3,0,3,0.43332941456034,1,0,1,1,1,0,1,0,0,1,0,0,0,0,0,0,0,0,0,0,0
2.98551812058444,44,4,0,3,0.616074402192893,1,0,1,1,1,0,1,0,0,1,0,0,0,0,0,1,0,0,0,0,0
3.49710844755332,44,5,0,3,0.822118800390509,1,0,1,1,1,0,1,0,0,1,0,0,0,0,1,0,0,0,0,0,0
5.32197392589178,44,6,0,3,1.05443321064389,1,0,1,1,1,0,1,0,0,1,0,0,0,1,0,0,0,0,0,0,0
7.59164218401949,44,7,0,3,1.31636697678109,1,0,1,1,1,0,1,0,0,1,0,0,1,0,0,0,0,0,0,0,0
7.68475741076299,44,8,0,3,1.61169647342312,1,0,1,1,1,0,1,0,0,1,0,1,0,0,0,0,0,0,0,0,0
8.67210609523435,44,9,0,3,1.94467955106552,1,0,1,1,1,0,1,0,0,1,1,0,0,0,0,0,0,0,0,0,0
11.2920785972932,44,10,0,3,2.32011692273655,1,0,1,1,1,0,1,0,0,1,0,0,0,0,0,0,1,0,0,0,0
0.0126338566477116,45,1,0,1,0.01,0,0,0,0,1,0,1,0,1,0,0,0,0,0,0,0,0,0,0,0,0
-0.21082431771018,45,2,0,1,0.01,0,0,0,0,1,0,1,0,1,0,0,0,0,0,0,0,0,0,0,0,0
0.25524866766985,45,3,0,1,0.01,0,0,0,0,1,0,1,0,1,0,0,0,0,0,0,0,0,0,0,0,0
1.69300144931029,45,4,0,1,0.01,0,0,0,0,1,0,1,0,1,0,0,0,0,0,0,0,0,0,0,0,0
0.26772283803721,45,5,0,1,0.01,0,0,0,0,1,0,1,0,1,0,0,0,0,0,0,0,0,0,0,0,0
-0.0763182208836545,45,6,0,1,0.01,0,0,0,0,1,0,1,0,1,0,0,0,0,0,0,0,0,0,0,0,0
-0.185195073950155,45,7,0,1,0.01,0,0,0,0,1,0,1,0,1,0,0,0,0,0,0,0,0,0,0,0,0
-0.732162262619849,45,8,0,1,0.01,0,0,0,0,1,0,1,0,1,0,0,0,0,0,0,0,0,0,0,0,0
-0.116448668439504,45,9,0,1,0.01,0,0,0,0,1,0,1,0,1,0,0,0,0,0,0,0,0,0,0,0,0
-0.528009469878525,45,10,0,1,0.01,0,0,0,0,1,0,1,0,1,0,0,0,0,0,0,0,0,0,0,0,0
-0.252827657711827,46,1,0,1,0.01,1,1,0,1,1,0,0,0,0,0,0,0,0,0,0,0,0,0,0,0,0
0.657120041981102,46,2,0,1,0.01,1,1,0,1,1,0,0,0,0,0,0,0,0,0,0,0,0,0,0,0,0
0.334475236952644,46,3,0,1,0.01,1,1,0,1,1,0,0,0,0,0,0,0,0,0,0,0,0,0,0,0,0
-0.88273552604734,46,4,0,1,0.01,1,1,0,1,1,0,0,0,0,0,0,0,0,0,0,0,0,0,0,0,0
-0.128888283899356,46,5,0,1,0.01,1,1,0,1,1,0,0,0,0,0,0,0,0,0,0,0,0,0,0,0,0
-0.169328419660435,46,6,0,1,0.01,1,1,0,1,1,0,0,0,0,0,0,0,0,0,0,0,0,0,0,0,0
0.157243748980695,46,7,0,1,0.01,1,1,0,1,1,0,0,0,0,0,0,0,0,0,0,0,0,0,0,0,0
-0.725550781306021,46,8,0,1,0.01,1,1,0,1,1,0,0,0,0,0,0,0,0,0,0,0,0,0,0,0,0
-0.969514084346607,46,9,0,1,0.01,1,1,0,1,1,0,0,0,0,0,0,0,0,0,0,0,0,0,0,0,0
-0.108142621105606,46,10,0,1,0.01,1,1,0,1,1,0,0,0,0,0,0,0,0,0,0,0,0,0,0,0,0
2.07437927648896,47,1,0,3,0.127496851579376,1,1,1,1,1,1,1,1,0,0,0,0,0,0,0,0,0,0,0,0,0
2.31960856727521,47,2,0,3,0.271249150321405,1,1,1,1,1,1,1,1,0,0,0,0,0,0,0,0,0,0,0,0,0
1.48293503391935,47,3,0,3,0.43332941456034,1,1,1,1,1,1,1,1,0,0,0,0,0,0,0,0,0,0,0,0,0
2.61073358830004,47,4,0,3,0.616074402192893,1,1,1,1,1,1,1,1,0,0,0,0,0,0,0,1,0,0,0,0,0
3.74268603162581,47,5,0,3,0.822118800390509,1,1,1,1,1,1,1,1,0,0,0,0,0,0,1,0,0,0,0,0,0
3.63503847919664,47,6,0,3,1.05443321064389,1,1,1,1,1,1,1,1,0,0,0,0,0,1,0,0,0,0,0,0,0
7.97211674149248,47,7,0,3,1.31636697678109,1,1,1,1,1,1,1,1,0,0,0,0,1,0,0,0,0,0,0,0,0
8.27246390091291,47,8,0,3,1.61169647342312,1,1,1,1,1,1,1,1,0,0,0,1,0,0,0,0,0,0,0,0,0
9.95445536806998,47,9,0,3,1.94467955106552,1,1,1,1,1,1,1,1,0,0,1,0,0,0,0,0,0,0,0,0,0
12.5102570179582,47,10,0,3,2.32011692273655,1,1,1,1,1,1,1,1,0,0,0,0,0,0,0,0,1,0,0,0,0
1.10476953586915,48,1,0,2,0.0512710963760241,0,1,1,1,0,0,1,1,1,1,0,0,0,0,0,0,0,0,0,0,0
0.526602871270684,48,2,0,2,0.105170918075648,0,1,1,1,0,0,1,1,1,1,0,0,0,0,0,0,0,0,0,0,0
2.31352834407235,48,3,0,2,0.161834242728283,0,1,1,1,0,0,1,1,1,1,0,0,0,0,0,0,0,0,0,0,0
0.567102157672741,48,4,0,2,0.22140275816017,0,1,1,1,0,0,1,1,1,1,0,0,0,0,0,0,0,0,0,0,0
2.12196625139158,48,5,0,2,0.284025416687741,0,1,1,1,0,0,1,1,1,1,0,0,0,0,0,0,0,0,0,0,0
0.417597064233929,48,6,0,2,0.349858807576003,0,1,1,1,0,0,1,1,1,1,0,0,0,0,0,0,0,0,0,0,0
2.17676363339406,48,7,0,2,0.419067548593257,0,1,1,1,0,0,1,1,1,1,0,0,0,0,0,0,0,0,0,0,0
2.42924054175583,48,8,0,2,0.49182469764127,0,1,1,1,0,0,1,1,1,1,0,0,0,0,0,0,0,0,0,0,0
2.48980684517838,48,9,0,2,0.568312185490169,0,1,1,1,0,0,1,1,1,1,0,0,0,0,0,0,0,0,0,0,0
4.57270427939284,48,10,0,2,0.648721270700128,0,1,1,1,0,0,1,1,1,1,0,0,0,0,0,0,0,0,0,0,0
-0.542775795726499,49,1,0,1,0.01,1,1,0,1,1,1,0,0,0,0,0,0,0,0,0,0,0,0,0,0,0
0.228106247799154,49,2,0,1,0.01,1,1,0,1,1,1,0,0,0,0,0,0,0,0,0,0,0,0,0,0,0
1.40638636219083,49,3,0,1,0.01,1,1,0,1,1,1,0,0,0,0,0,0,0,0,0,0,0,0,0,0,0
2.32347780274964,49,4,0,1,0.01,1,1,0,1,1,1,0,0,0,0,0,0,0,0,0,0,0,0,0,0,0
0.250993492031002,49,5,0,1,0.01,1,1,0,1,1,1,0,0,0,0,0,0,0,0,0,0,0,0,0,0,0
0.755951075547219,49,6,0,1,0.01,1,1,0,1,1,1,0,0,0,0,0,0,0,0,0,0,0,0,0,0,0
-0.11005831849202,49,7,0,1,0.01,1,1,0,1,1,1,0,0,0,0,0,0,0,0,0,0,0,0,0,0,0
-1.6036831655412,49,8,0,1,0.01,1,1,0,1,1,1,0,0,0,0,0,0,0,0,0,0,0,0,0,0,0
0.023999291115144,49,9,0,1,0.01,1,1,0,1,1,1,0,0,0,0,0,0,0,0,0,0,0,0,0,0,0
-2.20015509906588,49,10,0,1,0.01,1,1,0,1,1,1,0,0,0,0,0,0,0,0,0,0,0,0,0,0,0
0.415886668214467,50,1,0,1,0.01,1,0,1,1,1,1,1,1,1,0,0,0,0,0,0,0,0,0,0,0,0
0.210407646137377,50,2,0,1,0.01,1,0,1,1,1,1,1,1,1,0,0,0,0,0,0,0,0,0,0,0,0
1.47008006894959,50,3,0,1,0.01,1,0,1,1,1,1,1,1,1,0,0,0,0,0,0,0,0,0,0,0,0
-0.163831288021517,50,4,0,1,0.01,1,0,1,1,1,1,1,1,1,0,0,0,0,0,0,0,0,0,0,0,0
-0.901227581761492,50,5,0,1,0.01,1,0,1,1,1,1,1,1,1,0,0,0,0,0,0,0,0,0,0,0,0
0.589618301741397,50,6,0,1,0.01,1,0,1,1,1,1,1,1,1,0,0,0,0,0,0,0,0,0,0,0,0
-1.56066784591212,50,7,0,1,0.01,1,0,1,1,1,1,1,1,1,0,0,0,0,0,0,0,0,0,0,0,0
-0.125708918106221,50,8,0,1,0.01,1,0,1,1,1,1,1,1,1,0,0,0,0,0,0,0,0,0,0,0,0
2.55498012309877,50,9,0,1,0.01,1,0,1,1,1,1,1,1,1,0,0,0,0,0,0,0,0,0,0,0,0
-0.0982117348727409,50,10,0,1,0.01,1,0,1,1,1,1,1,1,1,0,0,0,0,0,0,0,0,0,0,0,0
-0.373069392393974,51,1,0,2,0.0512710963760241,1,1,0,1,0,0,0,1,1,0,0,0,0,0,0,0,0,0,0,0,0
-0.459105220723112,51,2,0,2,0.105170918075648,1,1,0,1,0,0,0,1,1,0,0,0,0,0,0,0,0,0,0,0,0
0.170308028969258,51,3,0,2,0.161834242728283,1,1,0,1,0,0,0,1,1,0,0,0,0,0,0,0,0,0,0,0,0
2.10055568258571,51,4,0,2,0.22140275816017,1,1,0,1,0,0,0,1,1,0,0,0,0,0,0,0,0,0,0,0,0
0.840451297945871,51,5,0,2,0.284025416687741,1,1,0,1,0,0,0,1,1,0,0,0,0,0,0,0,0,0,0,0,0
4.29640677064927,51,6,0,2,0.349858807576003,1,1,0,1,0,0,0,1,1,0,0,0,0,0,0,0,0,0,0,0,0
1.82647111790562,51,7,0,2,0.419067548593257,1,1,0,1,0,0,0,1,1,0,0,0,0,0,0,0,0,0,0,0,0
1.20938374798781,51,8,0,2,0.49182469764127,1,1,0,1,0,0,0,1,1,0,0,0,0,0,0,0,0,0,0,0,0
2.95250727625234,51,9,0,2,0.568312185490169,1,1,0,1,0,0,0,1,1,0,0,0,0,0,0,0,0,0,0,0,0
2.6149682655071,51,10,0,2,0.648721270700128,1,1,0,1,0,0,0,1,1,0,0,0,0,0,0,0,0,0,0,0,0
0.257134654854829,52,1,0,1,0.01,0,0,0,0,0,0,0,1,0,0,0,0,0,0,0,0,0,0,0,0,0
-0.619602758639808,52,2,0,1,0.01,0,0,0,0,0,0,0,1,0,0,0,0,0,0,0,0,0,0,0,0,0
-0.162167323442515,52,3,0,1,0.01,0,0,0,0,0,0,0,1,0,0,0,0,0,0,0,0,0,0,0,0,0
-0.766146758920237,52,4,0,1,0.01,0,0,0,0,0,0,0,1,0,0,0,0,0,0,0,0,0,0,0,0,0
-1.24600938350322,52,5,0,1,0.01,0,0,0,0,0,0,0,1,0,0,0,0,0,0,0,0,0,0,0,0,0
0.388426216743237,52,6,0,1,0.01,0,0,0,0,0,0,0,1,0,0,0,0,0,0,0,0,0,0,0,0,0
1.82287905940761,52,7,0,1,0.01,0,0,0,0,0,0,0,1,0,0,0,0,0,0,0,0,0,0,0,0,0
1.25177437776802,52,8,0,1,0.01,0,0,0,0,0,0,0,1,0,0,0,0,0,0,0,0,0,0,0,0,0
0.0900577035647449,52,9,0,1,0.01,0,0,0,0,0,0,0,1,0,0,0,0,0,0,0,0,0,0,0,0,0
0.498951021215681,52,10,0,1,0.01,0,0,0,0,0,0,0,1,0,0,0,0,0,0,0,0,0,0,0,0,0
0.0117871874835939,53,1,0,2,0.0512710963760241,1,0,0,0,0,1,1,1,0,1,0,0,0,0,0,0,0,0,0,0,0
0.895830100457305,53,2,0,2,0.105170918075648,1,0,0,0,0,1,1,1,0,1,0,0,0,0,0,0,0,0,0,0,0
0.623018801870648,53,3,0,2,0.161834242728283,1,0,0,0,0,1,1,1,0,1,0,0,0,0,0,0,0,0,0,0,0
1.33883640714058,53,4,0,2,0.22140275816017,1,0,0,0,0,1,1,1,0,1,0,0,0,0,0,0,0,0,0,0,0
1.59749606898677,53,5,0,2,0.284025416687741,1,0,0,0,0,1,1,1,0,1,0,0,0,0,0,0,0,0,0,0,0
2.18271380127762,53,6,0,2,0.349858807576003,1,0,0,0,0,1,1,1,0,1,0,0,0,0,0,0,0,0,0,0,0
1.95748718614488,53,7,0,2,0.419067548593257,1,0,0,0,0,1,1,1,0,1,0,0,0,0,0,0,0,0,0,0,0
3.78546019648463,53,8,0,2,0.49182469764127,1,0,0,0,0,1,1,1,0,1,0,0,0,0,0,0,0,0,0,0,0
6.04207932735617,53,9,0,2,0.568312185490169,1,0,0,0,0,1,1,1,0,1,0,0,0,0,0,0,0,0,0,0,0
4.01732231711007,53,10,0,2,0.648721270700128,1,0,0,0,0,1,1,1,0,1,0,0,0,0,0,0,0,0,0,0,0
-0.121450048176588,54,1,0,1,0.01,1,0,0,0,0,1,0,0,0,1,0,0,0,0,0,0,0,0,0,0,0
0.690314695059581,54,2,0,1,0.01,1,0,0,0,0,1,0,0,0,1,0,0,0,0,0,0,0,0,0,0,0
0.211963576309023,54,3,0,1,0.01,1,0,0,0,0,1,0,0,0,1,0,0,0,0,0,0,0,0,0,0,0
-0.0506531726538766,54,4,0,1,0.01,1,0,0,0,0,1,0,0,0,1,0,0,0,0,0,0,0,0,0,0,0
-0.355353858897503,54,5,0,1,0.01,1,0,0,0,0,1,0,0,0,1,0,0,0,0,0,0,0,0,0,0,0
-0.00596409273839349,54,6,0,1,0.01,1,0,0,0,0,1,0,0,0,1,0,0,0,0,0,0,0,0,0,0,0
-0.23823950162905,54,7,0,1,0.01,1,0,0,0,0,1,0,0,0,1,0,0,0,0,0,0,0,0,0,0,0
1.64173454032082,54,8,0,1,0.01,1,0,0,0,0,1,0,0,0,1,0,0,0,0,0,0,0,0,0,0,0
-0.622243828028462,54,9,0,1,0.01,1,0,0,0,0,1,0,0,0,1,0,0,0,0,0,0,0,0,0,0,0
1.66969302423572,54,10,0,1,0.01,1,0,0,0,0,1,0,0,0,1,0,0,0,0,0,0,0,0,0,0,0
-0.185804223541806,55,1,0,1,0.01,1,0,0,0,1,1,0,0,0,1,0,0,0,0,0,0,0,0,0,0,0
0.0872738953781561,55,2,0,1,0.01,1,0,0,0,1,1,0,0,0,1,0,0,0,0,0,0,0,0,0,0,0
-1.23430751103194,55,3,0,1,0.01,1,0,0,0,1,1,0,0,0,1,0,0,0,0,0,0,0,0,0,0,0
0.947027868901053,55,4,0,1,0.01,1,0,0,0,1,1,0,0,0,1,0,0,0,0,0,0,0,0,0,0,0
-0.272050614074652,55,5,0,1,0.01,1,0,0,0,1,1,0,0,0,1,0,0,0,0,0,0,0,0,0,0,0
-0.918459518023381,55,6,0,1,0.01,1,0,0,0,1,1,0,0,0,1,0,0,0,0,0,0,0,0,0,0,0
-0.108636317758047,55,7,0,1,0.01,1,0,0,0,1,1,0,0,0,1,0,0,0,0,0,0,0,0,0,0,0
-0.426855058895522,55,8,0,1,0.01,1,0,0,0,1,1,0,0,0,1,0,0,0,0,0,0,0,0,0,0,0
2.63722777372786,55,9,0,1,0.01,1,0,0,0,1,1,0,0,0,1,0,0,0,0,0,0,0,0,0,0,0
-0.385318944154471,55,10,0,1,0.01,1,0,0,0,1,1,0,0,0,1,0,0,0,0,0,0,0,0,0,0,0
0.792371552019428,56,1,0,2,0.0512710963760241,0,0,1,0,0,0,1,1,0,0,0,0,0,0,0,0,0,0,0,0,0
-0.233685845167762,56,2,0,2,0.105170918075648,0,0,1,0,0,0,1,1,0,0,0,0,0,0,0,0,0,0,0,0,0
1.75117618888298,56,3,0,2,0.161834242728283,0,0,1,0,0,0,1,1,0,0,0,0,0,0,0,0,0,0,0,0,0
2.56473936539111,56,4,0,2,0.22140275816017,0,0,1,0,0,0,1,1,0,0,0,0,0,0,0,0,0,0,0,0,0
0.219762055944237,56,5,0,2,0.284025416687741,0,0,1,0,0,0,1,1,0,0,0,0,0,0,0,0,0,0,0,0,0
1.64261713967728,56,6,0,2,0.349858807576003,0,0,1,0,0,0,1,1,0,0,0,0,0,0,0,0,0,0,0,0,0
3.79156932427283,56,7,0,2,0.419067548593257,0,0,1,0,0,0,1,1,0,0,0,0,0,0,0,0,0,0,0,0,0
2.24918606588145,56,8,0,2,0.49182469764127,0,0,1,0,0,0,1,1,0,0,0,0,0,0,0,0,0,0,0,0,0
3.46893304648392,56,9,0,2,0.568312185490169,0,0,1,0,0,0,1,1,0,0,0,0,0,0,0,0,0,0,0,0,0
4.00859785471211,56,10,0,2,0.648721270700128,0,0,1,0,0,0,1,1,0,0,0,0,0,0,0,0,0,0,0,0,0
0.0737853341449684,57,1,0,2,0.0512710963760241,0,1,1,0,0,0,0,0,0,0,0,0,0,0,0,0,0,0,0,0,0
1.76964649839261,57,2,0,2,0.105170918075648,0,1,1,0,0,0,0,0,0,0,0,0,0,0,0,0,0,0,0,0,0
1.25305760407191,57,3,0,2,0.161834242728283,0,1,1,0,0,0,0,0,0,0,0,0,0,0,0,0,0,0,0,0,0
1.50619278433362,57,4,0,2,0.22140275816017,0,1,1,0,0,0,0,0,0,0,0,0,0,0,0,0,0,0,0,0,0
3.40899322546553,57,5,0,2,0.284025416687741,0,1,1,0,0,0,0,0,0,0,0,0,0,0,0,0,0,0,0,0,0
2.09299609947904,57,6,0,2,0.349858807576003,0,1,1,0,0,0,0,0,0,0,0,0,0,0,0,0,0,0,0,0,0
1.67702039382533,57,7,0,2,0.419067548593257,0,1,1,0,0,0,0,0,0,0,0,0,0,0,0,0,0,0,0,0,0
1.20803341233778,57,8,0,2,0.49182469764127,0,1,1,0,0,0,0,0,0,0,0,0,0,0,0,0,0,0,0,0,0
1.64394888968823,57,9,0,2,0.568312185490169,0,1,1,0,0,0,0,0,0,0,0,0,0,0,0,0,0,0,0,0,0
3.20953896177662,57,10,0,2,0.648721270700128,0,1,1,0,0,0,0,0,0,0,0,0,0,0,0,0,0,0,0,0,0
1.09854453481199,58,1,0,1,0.01,0,1,0,0,1,0,0,0,1,1,0,0,1,0,0,0,0,0,0,0,0
1.57084678194107,58,2,0,1,0.01,0,1,0,0,1,0,0,0,1,1,0,1,0,0,0,0,0,0,0,0,0
-0.378207982057062,58,3,0,1,0.01,0,1,0,0,1,0,0,0,1,1,1,0,0,0,0,0,0,0,0,0,0
-0.079584464651822,58,4,0,1,0.01,0,1,0,0,1,0,0,0,1,1,0,0,0,0,0,0,1,0,0,0,0
0.32407851802819,58,5,0,1,0.01,0,1,0,0,1,0,0,0,1,1,0,0,0,0,0,0,0,1,0,0,0
-0.717926211384975,58,6,0,1,0.01,0,1,0,0,1,0,0,0,1,1,0,0,0,0,0,0,0,0,1,0,0
-0.17793684581216,58,7,0,1,0.01,0,1,0,0,1,0,0,0,1,1,0,0,0,0,0,0,0,0,0,1,0
1.28516264521102,58,8,0,1,0.01,0,1,0,0,1,0,0,0,1,1,0,0,0,0,0,0,0,0,0,0,1
-1.14855929422818,58,9,0,1,0.01,0,1,0,0,1,0,0,0,1,1,0,0,0,0,0,0,0,0,0,0,0
1.06423160065683,58,10,0,1,0.01,0,1,0,0,1,0,0,0,1,1,0,0,0,0,0,0,0,0,0,0,0
0.184829456434232,59,1,0,3,0.127496851579376,1,0,0,1,0,0,0,0,1,1,0,0,0,0,0,0,0,0,0,0,0
0.989482722821011,59,2,0,3,0.271249150321405,1,0,0,1,0,0,0,0,1,1,0,0,0,0,0,0,0,0,0,0,0
2.38060547862961,59,3,0,3,0.43332941456034,1,0,0,1,0,0,0,0,1,1,0,0,0,0,0,0,0,0,0,0,0
1.44412737405129,59,4,0,3,0.616074402192893,1,0,0,1,0,0,0,0,1,1,0,0,0,0,0,1,0,0,0,0,0
5.29481950764078,59,5,0,3,0.822118800390509,1,0,0,1,0,0,0,0,1,1,0,0,0,0,1,0,0,0,0,0,0
5.46528279231916,59,6,0,3,1.05443321064389,1,0,0,1,0,0,0,0,1,1,0,0,0,1,0,0,0,0,0,0,0
6.04024534295482,59,7,0,3,1.31636697678109,1,0,0,1,0,0,0,0,1,1,0,0,1,0,0,0,0,0,0,0,0
7.85994134742629,59,8,0,3,1.61169647342312,1,0,0,1,0,0,0,0,1,1,0,1,0,0,0,0,0,0,0,0,0
10.5728205065672,59,9,0,3,1.94467955106552,1,0,0,1,0,0,0,0,1,1,1,0,0,0,0,0,0,0,0,0,0
10.8044283829143,59,10,0,3,2.32011692273655,1,0,0,1,0,0,0,0,1,1,0,0,0,0,0,0,1,0,0,0,0
1.53826258694389,60,1,0,2,0.0512710963760241,1,0,0,0,1,1,1,0,0,0,0,0,0,0,0,0,0,0,0,0,0
-0.144593229155926,60,2,0,2,0.105170918075648,1,0,0,0,1,1,1,0,0,0,0,0,0,0,0,0,0,0,0,0,0
0.353650608567049,60,3,0,2,0.161834242728283,1,0,0,0,1,1,1,0,0,0,0,0,0,0,0,0,0,0,0,0,0
0.62199241666733,60,4,0,2,0.22140275816017,1,0,0,0,1,1,1,0,0,0,0,0,0,0,0,0,0,0,0,0,0
1.89982743602055,60,5,0,2,0.284025416687741,1,0,0,0,1,1,1,0,0,0,0,0,0,0,0,0,0,0,0,0,0
1.47375398838685,60,6,0,2,0.349858807576003,1,0,0,0,1,1,1,0,0,0,0,0,0,0,0,0,0,0,0,0,0
2.2136111852718,60,7,0,2,0.419067548593257,1,0,0,0,1,1,1,0,0,0,0,0,0,0,0,0,0,0,0,0,0
1.52285141233744,60,8,0,2,0.49182469764127,1,0,0,0,1,1,1,0,0,0,0,0,0,0,0,0,0,0,0,0,0
2.47278084972329,60,9,0,2,0.568312185490169,1,0,0,0,1,1,1,0,0,0,0,0,0,0,0,0,0,0,0,0,0
1.72260379429293,60,10,0,2,0.648721270700128,1,0,0,0,1,1,1,0,0,0,0,0,0,0,0,0,0,0,0,0,0
2.47002129850133,61,1,0,3,0.127496851579376,0,1,1,0,0,0,1,1,1,0,0,0,0,0,0,0,0,0,0,0,0
-0.12630166223988,61,2,0,3,0.271249150321405,0,1,1,0,0,0,1,1,1,0,0,0,0,0,0,0,0,0,0,0,0
2.87912835641114,61,3,0,3,0.43332941456034,0,1,1,0,0,0,1,1,1,0,0,0,0,0,0,0,0,0,0,0,0
1.67535785317278,61,4,0,3,0.616074402192893,0,1,1,0,0,0,1,1,1,0,0,0,0,0,0,0,0,0,0,0,0
4.81167326965035,61,5,0,3,0.822118800390509,0,1,1,0,0,0,1,1,1,0,0,0,0,0,0,1,0,0,0,0,0
5.897240593721,61,6,0,3,1.05443321064389,0,1,1,0,0,0,1,1,1,0,0,0,0,0,1,0,0,0,0,0,0
7.58499362368986,61,7,0,3,1.31636697678109,0,1,1,0,0,0,1,1,1,0,0,0,0,1,0,0,0,0,0,0,0
7.17928765443594,61,8,0,3,1.61169647342312,0,1,1,0,0,0,1,1,1,0,0,0,1,0,0,0,0,0,0,0,0
9.26532699617198,61,9,0,3,1.94467955106552,0,1,1,0,0,0,1,1,1,0,0,1,0,0,0,0,0,0,0,0,0
10.9790378585577,61,10,0,3,2.32011692273655,0,1,1,0,0,0,1,1,1,0,1,0,0,0,0,0,0,0,0,0,0
0.684721150157384,62,1,0,1,0.01,0,1,1,0,1,1,1,1,1,0,0,0,0,0,0,0,0,0,0,0,0
-0.456993879735093,62,2,0,1,0.01,0,1,1,0,1,1,1,1,1,0,0,0,0,0,0,0,0,0,0,0,0
-0.615462324546994,62,3,0,1,0.01,0,1,1,0,1,1,1,1,1,0,0,0,0,0,0,0,0,0,0,0,0
0.982211514165184,62,4,0,1,0.01,0,1,1,0,1,1,1,1,1,0,0,0,0,0,0,0,0,0,0,0,0
0.155737989869877,62,5,0,1,0.01,0,1,1,0,1,1,1,1,1,0,0,0,0,0,0,0,0,0,0,0,0
0.0846733735469717,62,6,0,1,0.01,0,1,1,0,1,1,1,1,1,0,0,0,0,0,0,0,0,0,0,0,0
0.226456845897038,62,7,0,1,0.01,0,1,1,0,1,1,1,1,1,0,0,0,0,0,0,0,0,0,0,0,0
-1.29584895801342,62,8,0,1,0.01,0,1,1,0,1,1,1,1,1,0,0,0,0,0,0,0,0,0,0,0,0
-1.24486083095627,62,9,0,1,0.01,0,1,1,0,1,1,1,1,1,0,0,0,0,0,0,0,0,0,0,0,0
1.24870178518377,62,10,0,1,0.01,0,1,1,0,1,1,1,1,1,0,0,0,0,0,0,0,0,0,0,0,0
-0.0245965620706323,63,1,0,1,0.01,0,0,0,0,0,1,1,0,1,1,0,0,0,1,0,0,0,0,0,0,0
-0.664085995338257,63,2,0,1,0.01,0,0,0,0,0,1,1,0,1,1,0,0,1,0,0,0,0,0,0,0,0
1.1383328155466,63,3,0,1,0.01,0,0,0,0,0,1,1,0,1,1,0,1,0,0,0,0,0,0,0,0,0
0.961167997867043,63,4,0,1,0.01,0,0,0,0,0,1,1,0,1,1,1,0,0,0,0,0,0,0,0,0,0
0.650235525054356,63,5,0,1,0.01,0,0,0,0,0,1,1,0,1,1,0,0,0,0,0,0,1,0,0,0,0
-1.89665143229831,63,6,0,1,0.01,0,0,0,0,0,1,1,0,1,1,0,0,0,0,0,0,0,1,0,0,0
1.7039473379123,63,7,0,1,0.01,0,0,0,0,0,1,1,0,1,1,0,0,0,0,0,0,0,0,1,0,0
-0.242687560655997,63,8,0,1,0.01,0,0,0,0,0,1,1,0,1,1,0,0,0,0,0,0,0,0,0,1,0
-0.808366194563666,63,9,0,1,0.01,0,0,0,0,0,1,1,0,1,1,0,0,0,0,0,0,0,0,0,0,1
-0.582769756814674,63,10,0,1,0.01,0,0,0,0,0,1,1,0,1,1,0,0,0,0,0,0,0,0,0,0,0
-0.378555661362637,64,1,0,1,0.01,1,0,0,0,0,0,0,0,0,0,0,0,0,0,0,0,0,0,0,0,0
-0.303940125836262,64,2,0,1,0.01,1,0,0,0,0,0,0,0,0,0,0,0,0,0,0,0,0,0,0,0,0
0.802517199067926,64,3,0,1,0.01,1,0,0,0,0,0,0,0,0,0,0,0,0,0,0,0,0,0,0,0,0
0.641426131403132,64,4,0,1,0.01,1,0,0,0,0,0,0,0,0,0,0,0,0,0,0,0,0,0,0,0,0
-0.202626691933105,64,5,0,1,0.01,1,0,0,0,0,0,0,0,0,0,0,0,0,0,0,0,0,0,0,0,0
-0.546211435313107,64,6,0,1,0.01,1,0,0,0,0,0,0,0,0,0,0,0,0,0,0,0,0,0,0,0,0
0.374923635356115,64,7,0,1,0.01,1,0,0,0,0,0,0,0,0,0,0,0,0,0,0,0,0,0,0,0,0
-1.69659456661952,64,8,0,1,0.01,1,0,0,0,0,0,0,0,0,0,0,0,0,0,0,0,0,0,0,0,0
-0.22507997998194,64,9,0,1,0.01,1,0,0,0,0,0,0,0,0,0,0,0,0,0,0,0,0,0,0,0,0
0.2163323064,64,10,0,1,0.01,1,0,0,0,0,0,0,0,0,0,0,0,0,0,0,0,0,0,0,0,0
0.558755856043356,65,1,0,2,0.0512710963760241,1,1,1,0,1,1,0,0,0,0,0,0,0,0,0,0,0,0,0,0,0
-0.923090638923423,65,2,0,2,0.105170918075648,1,1,1,0,1,1,0,0,0,0,0,0,0,0,0,0,0,0,0,0,0
0.534720593170671,65,3,0,2,0.161834242728283,1,1,1,0,1,1,0,0,0,0,0,0,0,0,0,0,0,0,0,0,0
0.510057332290392,65,4,0,2,0.22140275816017,1,1,1,0,1,1,0,0,0,0,0,0,0,0,0,0,0,0,0,0,0
-0.114617768376319,65,5,0,2,0.284025416687741,1,1,1,0,1,1,0,0,0,0,0,0,0,0,0,0,0,0,0,0,0
1.50954535446501,65,6,0,2,0.349858807576003,1,1,1,0,1,1,0,0,0,0,0,0,0,0,0,0,0,0,0,0,0
1.07159628475833,65,7,0,2,0.419067548593257,1,1,1,0,1,1,0,0,0,0,0,0,0,0,0,0,0,0,0,0,0
2.19648399200834,65,8,0,2,0.49182469764127,1,1,1,0,1,1,0,0,0,0,0,0,0,0,0,0,0,0,0,0,0
4.73735752068378,65,9,0,2,0.568312185490169,1,1,1,0,1,1,0,0,0,0,0,0,0,0,0,0,0,0,0,0,0
3.39469161067477,65,10,0,2,0.648721270700128,1,1,1,0,1,1,0,0,0,0,0,0,0,0,0,0,0,0,0,0,0
-0.430390150720191,66,1,0,2,0.0512710963760241,1,1,0,1,1,1,0,1,0,1,0,0,0,0,0,1,0,0,0,0,0
0.579825900857622,66,2,0,2,0.105170918075648,1,1,0,1,1,1,0,1,0,1,0,0,0,0,1,0,0,0,0,0,0
0.161580674948089,66,3,0,2,0.161834242728283,1,1,0,1,1,1,0,1,0,1,0,0,0,1,0,0,0,0,0,0,0
1.79721584667235,66,4,0,2,0.22140275816017,1,1,0,1,1,1,0,1,0,1,0,0,1,0,0,0,0,0,0,0,0
2.11329857785166,66,5,0,2,0.284025416687741,1,1,0,1,1,1,0,1,0,1,0,1,0,0,0,0,0,0,0,0,0
0.573407596191677,66,6,0,2,0.349858807576003,1,1,0,1,1,1,0,1,0,1,1,0,0,0,0,0,0,0,0,0,0
2.52857141904726,66,7,0,2,0.419067548593257,1,1,0,1,1,1,0,1,0,1,0,0,0,0,0,0,1,0,0,0,0
3.54796994806404,66,8,0,2,0.49182469764127,1,1,0,1,1,1,0,1,0,1,0,0,0,0,0,0,0,1,0,0,0
3.08209797901307,66,9,0,2,0.568312185490169,1,1,0,1,1,1,0,1,0,1,0,0,0,0,0,0,0,0,1,0,0
2.57599160955448,66,10,0,2,0.648721270700128,1,1,0,1,1,1,0,1,0,1,0,0,0,0,0,0,0,0,0,1,0
0.133517827827337,67,1,0,2,0.0512710963760241,0,1,1,0,1,1,1,0,0,0,0,0,0,0,0,0,0,0,0,0,0
-0.335180832950934,67,2,0,2,0.105170918075648,0,1,1,0,1,1,1,0,0,0,0,0,0,0,0,0,0,0,0,0,0
0.147618648944717,67,3,0,2,0.161834242728283,0,1,1,0,1,1,1,0,0,0,0,0,0,0,0,0,0,0,0,0,0
1.1035903760886,67,4,0,2,0.22140275816017,0,1,1,0,1,1,1,0,0,0,0,0,0,0,0,0,0,0,0,0,0
0.185412246394735,67,5,0,2,0.284025416687741,0,1,1,0,1,1,1,0,0,0,0,0,0,0,0,0,0,0,0,0,0
1.88094937646822,67,6,0,2,0.349858807576003,0,1,1,0,1,1,1,0,0,0,0,0,0,0,0,0,0,0,0,0,0
2.59793072462944,67,7,0,2,0.419067548593257,0,1,1,0,1,1,1,0,0,0,0,0,0,0,0,0,0,0,0,0,0
2.11451134988484,67,8,0,2,0.49182469764127,0,1,1,0,1,1,1,0,0,0,0,0,0,0,0,0,0,0,0,0,0
3.00587838294799,67,9,0,2,0.568312185490169,0,1,1,0,1,1,1,0,0,0,0,0,0,0,0,0,0,0,0,0,0
2.49710736461962,67,10,0,2,0.648721270700128,0,1,1,0,1,1,1,0,0,0,0,0,0,0,0,0,0,0,0,0,0
0.1739347746863,68,1,0,2,0.0512710963760241,1,0,1,0,1,1,1,0,1,0,0,0,0,0,0,0,0,0,0,0,0
-0.207963501907866,68,2,0,2,0.105170918075648,1,0,1,0,1,1,1,0,1,0,0,0,0,0,0,0,0,0,0,0,0
1.86114540539953,68,3,0,2,0.161834242728283,1,0,1,0,1,1,1,0,1,0,0,0,0,0,0,0,0,0,0,0,0
0.373593775794497,68,4,0,2,0.22140275816017,1,0,1,0,1,1,1,0,1,0,0,0,0,0,0,0,0,0,0,0,0
2.37921370285457,68,5,0,2,0.284025416687741,1,0,1,0,1,1,1,0,1,0,0,0,0,0,0,0,0,0,0,0,0
2.04321460011456,68,6,0,2,0.349858807576003,1,0,1,0,1,1,1,0,1,0,0,0,0,0,0,0,0,0,0,0,0
3.5193749592825,68,7,0,2,0.419067548593257,1,0,1,0,1,1,1,0,1,0,0,0,0,0,0,0,0,0,0,0,0
1.63233959194998,68,8,0,2,0.49182469764127,1,0,1,0,1,1,1,0,1,0,0,0,0,0,0,0,0,0,0,0,0
1.96177933867449,68,9,0,2,0.568312185490169,1,0,1,0,1,1,1,0,1,0,0,0,0,0,0,0,0,0,0,0,0
4.92567518889525,68,10,0,2,0.648721270700128,1,0,1,0,1,1,1,0,1,0,0,0,0,0,0,0,0,0,0,0,0
0.616578212842503,69,1,0,1,0.01,0,0,1,1,0,1,0,1,0,1,0,1,0,0,0,0,0,0,0,0,0
-1.19341702025868,69,2,0,1,0.01,0,0,1,1,0,1,0,1,0,1,1,0,0,0,0,0,0,0,0,0,0
-0.514793169662697,69,3,0,1,0.01,0,0,1,1,0,1,0,1,0,1,0,0,0,0,0,0,1,0,0,0,0
-0.378280354185147,69,4,0,1,0.01,0,0,1,1,0,1,0,1,0,1,0,0,0,0,0,0,0,1,0,0,0
0.0161234794739403,69,5,0,1,0.01,0,0,1,1,0,1,0,1,0,1,0,0,0,0,0,0,0,0,1,0,0
0.554450546343841,69,6,0,1,0.01,0,0,1,1,0,1,0,1,0,1,0,0,0,0,0,0,0,0,0,1,0
-0.664963611481348,69,7,0,1,0.01,0,0,1,1,0,1,0,1,0,1,0,0,0,0,0,0,0,0,0,0,1
-0.297481851057069,69,8,0,1,0.01,0,0,1,1,0,1,0,1,0,1,0,0,0,0,0,0,0,0,0,0,0
0.649384245410488,69,9,0,1,0.01,0,0,1,1,0,1,0,1,0,1,0,0,0,0,0,0,0,0,0,0,0
-0.970181273972679,69,10,0,1,0.01,0,0,1,1,0,1,0,1,0,1,0,0,0,0,0,0,0,0,0,0,0
-0.230906969957251,70,1,0,2,0.0512710963760241,0,0,0,0,0,0,1,0,1,1,0,0,1,0,0,0,0,0,0,0,0
0.955634946365285,70,2,0,2,0.105170918075648,0,0,0,0,0,0,1,0,1,1,0,1,0,0,0,0,0,0,0,0,0
1.82902329624193,70,3,0,2,0.161834242728283,0,0,0,0,0,0,1,0,1,1,1,0,0,0,0,0,0,0,0,0,0
0.818655752092138,70,4,0,2,0.22140275816017,0,0,0,0,0,0,1,0,1,1,0,0,0,0,0,0,1,0,0,0,0
0.430929083679762,70,5,0,2,0.284025416687741,0,0,0,0,0,0,1,0,1,1,0,0,0,0,0,0,0,1,0,0,0
1.22181600955358,70,6,0,2,0.349858807576003,0,0,0,0,0,0,1,0,1,1,0,0,0,0,0,0,0,0,1,0,0
1.43682504700213,70,7,0,2,0.419067548593257,0,0,0,0,0,0,1,0,1,1,0,0,0,0,0,0,0,0,0,1,0
2.91245654972888,70,8,0,2,0.49182469764127,0,0,0,0,0,0,1,0,1,1,0,0,0,0,0,0,0,0,0,0,1
3.25610983369632,70,9,0,2,0.568312185490169,0,0,0,0,0,0,1,0,1,1,0,0,0,0,0,0,0,0,0,0,0
1.93843718843097,70,10,0,2,0.648721270700128,0,0,0,0,0,0,1,0,1,1,0,0,0,0,0,0,0,0,0,0,0
-0.270854918081301,71,1,0,1,0.01,1,1,0,1,1,0,0,1,0,1,0,0,0,0,0,0,0,0,0,0,0
-1.88837726108525,71,2,0,1,0.01,1,1,0,1,1,0,0,1,0,1,0,0,0,0,0,0,0,0,0,0,0
-0.351840873658761,71,3,0,1,0.01,1,1,0,1,1,0,0,1,0,1,0,0,0,0,0,0,0,0,0,0,0
-1.97593422758418,71,4,0,1,0.01,1,1,0,1,1,0,0,1,0,1,0,0,0,0,0,0,0,0,0,0,0
-0.944447105639734,71,5,0,1,0.01,1,1,0,1,1,0,0,1,0,1,0,0,0,0,0,0,0,0,0,0,0
0.803004968019532,71,6,0,1,0.01,1,1,0,1,1,0,0,1,0,1,0,0,0,0,0,0,0,0,0,0,0
0.124049028917129,71,7,0,1,0.01,1,1,0,1,1,0,0,1,0,1,0,0,0,0,0,0,0,0,0,0,0
-0.301464607057319,71,8,0,1,0.01,1,1,0,1,1,0,0,1,0,1,0,0,0,0,0,0,0,0,0,0,0
-0.0605381732339422,71,9,0,1,0.01,1,1,0,1,1,0,0,1,0,1,0,0,0,0,0,0,0,0,0,0,0
-0.56641172148078,71,10,0,1,0.01,1,1,0,1,1,0,0,1,0,1,0,0,0,0,0,0,0,0,0,0,0
0.770935344482579,72,1,0,2,0.0512710963760241,0,1,0,0,1,0,1,0,1,0,0,0,0,0,0,0,0,0,0,0,0
0.608658610309406,72,2,0,2,0.105170918075648,0,1,0,0,1,0,1,0,1,0,0,0,0,0,0,0,0,0,0,0,0
2.64193116690114,72,3,0,2,0.161834242728283,0,1,0,0,1,0,1,0,1,0,0,0,0,0,0,0,0,0,0,0,0
-0.141497982782943,72,4,0,2,0.22140275816017,0,1,0,0,1,0,1,0,1,0,0,0,0,0,0,0,0,0,0,0,0
0.394233489892057,72,5,0,2,0.284025416687741,0,1,0,0,1,0,1,0,1,0,0,0,0,0,0,0,0,0,0,0,0
2.79286060384608,72,6,0,2,0.349858807576003,0,1,0,0,1,0,1,0,1,0,0,0,0,0,0,0,0,0,0,0,0
1.86467920465254,72,7,0,2,0.419067548593257,0,1,0,0,1,0,1,0,1,0,0,0,0,0,0,0,0,0,0,0,0
3.85439234228096,72,8,0,2,0.49182469764127,0,1,0,0,1,0,1,0,1,0,0,0,0,0,0,0,0,0,0,0,0
2.35420063516458,72,9,0,2,0.568312185490169,0,1,0,0,1,0,1,0,1,0,0,0,0,0,0,0,0,0,0,0,0
2.99531034160349,72,10,0,2,0.648721270700128,0,1,0,0,1,0,1,0,1,0,0,0,0,0,0,0,0,0,0,0,0
1.44621247521244,73,1,0,1,0.01,0,0,1,0,0,0,0,1,0,1,0,0,0,0,0,0,0,0,0,0,0
0.0779842107539483,73,2,0,1,0.01,0,0,1,0,0,0,0,1,0,1,0,0,0,0,0,0,0,0,0,0,0
1.50764911771156,73,3,0,1,0.01,0,0,1,0,0,0,0,1,0,1,0,0,0,0,0,0,0,0,0,0,0
0.227826639088458,73,4,0,1,0.01,0,0,1,0,0,0,0,1,0,1,0,0,0,0,0,0,0,0,0,0,0
-0.261108328983215,73,5,0,1,0.01,0,0,1,0,0,0,0,1,0,1,0,0,0,0,0,0,0,0,0,0,0
-0.0910472089179653,73,6,0,1,0.01,0,0,1,0,0,0,0,1,0,1,0,0,0,0,0,0,0,0,0,0,0
-0.354027407813211,73,7,0,1,0.01,0,0,1,0,0,0,0,1,0,1,0,0,0,0,0,0,0,0,0,0,0
-0.290795060997663,73,8,0,1,0.01,0,0,1,0,0,0,0,1,0,1,0,0,0,0,0,0,0,0,0,0,0
-0.176570871233665,73,9,0,1,0.01,0,0,1,0,0,0,0,1,0,1,0,0,0,0,0,0,0,0,0,0,0
-0.841055881283103,73,10,0,1,0.01,0,0,1,0,0,0,0,1,0,1,0,0,0,0,0,0,0,0,0,0,0
-1.40930346653013,74,1,0,2,0.0512710963760241,1,1,0,0,1,1,0,1,0,1,0,0,0,0,0,0,0,0,0,0,0
-1.17818696739722,74,2,0,2,0.105170918075648,1,1,0,0,1,1,0,1,0,1,0,0,0,0,0,0,0,0,0,0,0
1.55036644135578,74,3,0,2,0.161834242728283,1,1,0,0,1,1,0,1,0,1,0,0,0,0,0,0,0,0,0,0,0
1.00684346289136,74,4,0,2,0.22140275816017,1,1,0,0,1,1,0,1,0,1,0,0,0,0,0,0,0,0,0,0,0
0.467913814844426,74,5,0,2,0.284025416687741,1,1,0,0,1,1,0,1,0,1,0,0,0,0,0,0,0,0,0,0,0
2.10607508076852,74,6,0,2,0.349858807576003,1,1,0,0,1,1,0,1,0,1,0,0,0,0,0,0,0,0,0,0,0
2.72758066445085,74,7,0,2,0.419067548593257,1,1,0,0,1,1,0,1,0,1,0,0,0,0,0,0,0,0,0,0,0
3.01821673487969,74,8,0,2,0.49182469764127,1,1,0,0,1,1,0,1,0,1,0,0,0,0,0,0,0,0,0,0,0
2.95117126452735,74,9,0,2,0.568312185490169,1,1,0,0,1,1,0,1,0,1,0,0,0,0,0,0,0,0,0,0,0
4.29630706963451,74,10,0,2,0.648721270700128,1,1,0,0,1,1,0,1,0,1,0,0,0,0,0,0,0,0,0,0,0
-0.747616943101887,75,1,0,1,0.01,0,0,1,0,0,0,0,1,1,0,0,0,0,0,0,0,0,0,0,0,0
-0.488431252361253,75,2,0,1,0.01,0,0,1,0,0,0,0,1,1,0,0,0,0,0,0,0,0,0,0,0,0
-1.39953520934004,75,3,0,1,0.01,0,0,1,0,0,0,0,1,1,0,0,0,0,0,0,0,0,0,0,0,0
0.111877758819934,75,4,0,1,0.01,0,0,1,0,0,0,0,1,1,0,0,0,0,0,0,0,0,0,0,0,0
2.13574977544731,75,5,0,1,0.01,0,0,1,0,0,0,0,1,1,0,0,0,0,0,0,0,0,0,0,0,0
0.584267961921292,75,6,0,1,0.01,0,0,1,0,0,0,0,1,1,0,0,0,0,0,0,0,0,0,0,0,0
-0.0798356684074335,75,7,0,1,0.01,0,0,1,0,0,0,0,1,1,0,0,0,0,0,0,0,0,0,0,0,0
-0.299698076245751,75,8,0,1,0.01,0,0,1,0,0,0,0,1,1,0,0,0,0,0,0,0,0,0,0,0,0
-1.13969932205983,75,9,0,1,0.01,0,0,1,0,0,0,0,1,1,0,0,0,0,0,0,0,0,0,0,0,0
1.2176625727833,75,10,0,1,0.01,0,0,1,0,0,0,0,1,1,0,0,0,0,0,0,0,0,0,0,0,0
-0.274449831854461,76,1,0,1,0.01,1,0,0,0,1,0,0,0,1,1,0,0,0,0,0,0,0,0,0,0,0
-0.873778664267747,76,2,0,1,0.01,1,0,0,0,1,0,0,0,1,1,0,0,0,0,0,0,0,0,0,0,0
-0.766995930899194,76,3,0,1,0.01,1,0,0,0,1,0,0,0,1,1,0,0,0,0,0,0,0,0,0,0,0
-1.25353591881493,76,4,0,1,0.01,1,0,0,0,1,0,0,0,1,1,0,0,0,0,0,0,0,0,0,0,0
2.63805907803095,76,5,0,1,0.01,1,0,0,0,1,0,0,0,1,1,0,0,0,0,0,0,0,0,0,0,0
1.45118752227926,76,6,0,1,0.01,1,0,0,0,1,0,0,0,1,1,0,0,0,0,0,0,0,0,0,0,0
-0.362621550009137,76,7,0,1,0.01,1,0,0,0,1,0,0,0,1,1,0,0,0,0,0,0,0,0,0,0,0
1.4969377470787,76,8,0,1,0.01,1,0,0,0,1,0,0,0,1,1,0,0,0,0,0,0,0,0,0,0,0
0.0484018437794459,76,9,0,1,0.01,1,0,0,0,1,0,0,0,1,1,0,0,0,0,0,0,0,0,0,0,0
1.33352923856996,76,10,0,1,0.01,1,0,0,0,1,0,0,0,1,1,0,0,0,0,0,0,0,0,0,0,0
-3.06964034251742,77,1,0,1,0.01,1,1,1,0,0,1,1,0,1,1,0,0,0,0,0,0,0,0,0,0,0
0.306878337045564,77,2,0,1,0.01,1,1,1,0,0,1,1,0,1,1,0,0,0,0,0,0,0,0,0,0,0
0.0111554421095397,77,3,0,1,0.01,1,1,1,0,0,1,1,0,1,1,0,0,0,0,0,0,0,0,0,0,0
1.53262943617185,77,4,0,1,0.01,1,1,1,0,0,1,1,0,1,1,0,0,0,0,0,0,0,0,0,0,0
-0.736381888702346,77,5,0,1,0.01,1,1,1,0,0,1,1,0,1,1,0,0,0,0,0,0,0,0,0,0,0
-0.667998233121604,77,6,0,1,0.01,1,1,1,0,0,1,1,0,1,1,0,0,0,0,0,0,0,0,0,0,0
0.638811133367509,77,7,0,1,0.01,1,1,1,0,0,1,1,0,1,1,0,0,0,0,0,0,0,0,0,0,0
-0.227482934139031,77,8,0,1,0.01,1,1,1,0,0,1,1,0,1,1,0,0,0,0,0,0,0,0,0,0,0
0.0235123941897118,77,9,0,1,0.01,1,1,1,0,0,1,1,0,1,1,0,0,0,0,0,0,0,0,0,0,0
-1.50159445557837,77,10,0,1,0.01,1,1,1,0,0,1,1,0,1,1,0,0,0,0,0,0,0,0,0,0,0
-2.26363474707278,78,1,0,2,0.0512710963760241,1,0,0,1,1,0,0,0,0,1,0,0,0,0,0,1,0,0,0,0,0
-0.0961418483555851,78,2,0,2,0.105170918075648,1,0,0,1,1,0,0,0,0,1,0,0,0,0,1,0,0,0,0,0,0
0.632852598240952,78,3,0,2,0.161834242728283,1,0,0,1,1,0,0,0,0,1,0,0,0,1,0,0,0,0,0,0,0
0.354315191636282,78,4,0,2,0.22140275816017,1,0,0,1,1,0,0,0,0,1,0,0,1,0,0,0,0,0,0,0,0
2.13182054496083,78,5,0,2,0.284025416687741,1,0,0,1,1,0,0,0,0,1,0,1,0,0,0,0,0,0,0,0,0
1.57479553081064,78,6,0,2,0.349858807576003,1,0,0,1,1,0,0,0,0,1,1,0,0,0,0,0,0,0,0,0,0
1.3854704401676,78,7,0,2,0.419067548593257,1,0,0,1,1,0,0,0,0,1,0,0,0,0,0,0,1,0,0,0,0
1.17897839649889,78,8,0,2,0.49182469764127,1,0,0,1,1,0,0,0,0,1,0,0,0,0,0,0,0,1,0,0,0
1.5471024046663,78,9,0,2,0.568312185490169,1,0,0,1,1,0,0,0,0,1,0,0,0,0,0,0,0,0,1,0,0
3.94759565051374,78,10,0,2,0.648721270700128,1,0,0,1,1,0,0,0,0,1,0,0,0,0,0,0,0,0,0,1,0
0.784552650914333,79,1,0,2,0.0512710963760241,0,1,1,0,1,0,0,0,0,0,0,0,0,0,0,0,0,0,0,0,0
2.57989591403192,79,2,0,2,0.105170918075648,0,1,1,0,1,0,0,0,0,0,0,0,0,0,0,0,0,0,0,0,0
-0.138866251162445,79,3,0,2,0.161834242728283,0,1,1,0,1,0,0,0,0,0,0,0,0,0,0,0,0,0,0,0,0
-0.745852832111973,79,4,0,2,0.22140275816017,0,1,1,0,1,0,0,0,0,0,0,0,0,0,0,0,0,0,0,0,0
4.31740279827025,79,5,0,2,0.284025416687741,0,1,1,0,1,0,0,0,0,0,0,0,0,0,0,0,0,0,0,0,0
0.135125493169522,79,6,0,2,0.349858807576003,0,1,1,0,1,0,0,0,0,0,0,0,0,0,0,0,0,0,0,0,0
1.0114253291704,79,7,0,2,0.419067548593257,0,1,1,0,1,0,0,0,0,0,0,0,0,0,0,0,0,0,0,0,0
3.08242836339294,79,8,0,2,0.49182469764127,0,1,1,0,1,0,0,0,0,0,0,0,0,0,0,0,0,0,0,0,0
0.945721454527101,79,9,0,2,0.568312185490169,0,1,1,0,1,0,0,0,0,0,0,0,0,0,0,0,0,0,0,0,0
2.08553848915538,79,10,0,2,0.648721270700128,0,1,1,0,1,0,0,0,0,0,0,0,0,0,0,0,0,0,0,0,0
0.0127003808953954,80,1,0,1,0.01,1,0,1,0,1,1,0,0,1,1,0,0,0,0,0,0,0,0,0,0,0
0.174131303211339,80,2,0,1,0.01,1,0,1,0,1,1,0,0,1,1,0,0,0,0,0,0,0,0,0,0,0
-0.00862494929828081,80,3,0,1,0.01,1,0,1,0,1,1,0,0,1,1,0,0,0,0,0,0,0,0,0,0,0
-0.0157292483987137,80,4,0,1,0.01,1,0,1,0,1,1,0,0,1,1,0,0,0,0,0,0,0,0,0,0,0
0.130118805540704,80,5,0,1,0.01,1,0,1,0,1,1,0,0,1,1,0,0,0,0,0,0,0,0,0,0,0
0.231088549462139,80,6,0,1,0.01,1,0,1,0,1,1,0,0,1,1,0,0,0,0,0,0,0,0,0,0,0
-0.525590269997749,80,7,0,1,0.01,1,0,1,0,1,1,0,0,1,1,0,0,0,0,0,0,0,0,0,0,0
-0.0242613490643065,80,8,0,1,0.01,1,0,1,0,1,1,0,0,1,1,0,0,0,0,0,0,0,0,0,0,0
2.00353077340205,80,9,0,1,0.01,1,0,1,0,1,1,0,0,1,1,0,0,0,0,0,0,0,0,0,0,0
-0.47834873585633,80,10,0,1,0.01,1,0,1,0,1,1,0,0,1,1,0,0,0,0,0,0,0,0,0,0,0
-2.11475138949384,81,1,0,1,0.01,0,1,0,0,0,0,0,1,1,1,0,0,0,0,0,0,0,0,0,0,0
-1.19284909097515,81,2,0,1,0.01,0,1,0,0,0,0,0,1,1,1,0,0,0,0,0,0,0,0,0,0,0
-0.0944795637081883,81,3,0,1,0.01,0,1,0,0,0,0,0,1,1,1,0,0,0,0,0,0,0,0,0,0,0
1.25753582043195,81,4,0,1,0.01,0,1,0,0,0,0,0,1,1,1,0,0,0,0,0,0,0,0,0,0,0
0.246220606543424,81,5,0,1,0.01,0,1,0,0,0,0,0,1,1,1,0,0,0,0,0,0,0,0,0,0,0
-0.6963740826353,81,6,0,1,0.01,0,1,0,0,0,0,0,1,1,1,0,0,0,0,0,0,0,0,0,0,0
0.75920597007175,81,7,0,1,0.01,0,1,0,0,0,0,0,1,1,1,0,0,0,0,0,0,0,0,0,0,0
-0.557050150890978,81,8,0,1,0.01,0,1,0,0,0,0,0,1,1,1,0,0,0,0,0,0,0,0,0,0,0
0.618035615504439,81,9,0,1,0.01,0,1,0,0,0,0,0,1,1,1,0,0,0,0,0,0,0,0,0,0,0
-0.107858053692296,81,10,0,1,0.01,0,1,0,0,0,0,0,1,1,1,0,0,0,0,0,0,0,0,0,0,0
-0.053439972659563,82,1,0,1,0.01,0,0,0,0,0,0,0,0,0,1,0,0,0,0,0,0,0,0,0,0,0
-2.71858624485773,82,2,0,1,0.01,0,0,0,0,0,0,0,0,0,1,0,0,0,0,0,0,0,0,0,0,0
0.279336964618723,82,3,0,1,0.01,0,0,0,0,0,0,0,0,0,1,0,0,0,0,0,0,0,0,0,0,0
-1.67088576214128,82,4,0,1,0.01,0,0,0,0,0,0,0,0,0,1,0,0,0,0,0,0,0,0,0,0,0
-0.958765276284207,82,5,0,1,0.01,0,0,0,0,0,0,0,0,0,1,0,0,0,0,0,0,0,0,0,0,0
0.348301467412531,82,6,0,1,0.01,0,0,0,0,0,0,0,0,0,1,0,0,0,0,0,0,0,0,0,0,0
-1.46757056651681,82,7,0,1,0.01,0,0,0,0,0,0,0,0,0,1,0,0,0,0,0,0,0,0,0,0,0
0.00866287646457365,82,8,0,1,0.01,0,0,0,0,0,0,0,0,0,1,0,0,0,0,0,0,0,0,0,0,0
0.00275671127157377,82,9,0,1,0.01,0,0,0,0,0,0,0,0,0,1,0,0,0,0,0,0,0,0,0,0,0
0.401244089089438,82,10,0,1,0.01,0,0,0,0,0,0,0,0,0,1,0,0,0,0,0,0,0,0,0,0,0
1.48201746423546,83,1,0,2,0.0512710963760241,1,1,0,1,0,1,1,0,0,1,0,0,0,0,0,0,0,0,0,0,0
-0.472540641975362,83,2,0,2,0.105170918075648,1,1,0,1,0,1,1,0,0,1,0,0,0,0,0,0,0,0,0,0,0
-0.0673659945277745,83,3,0,2,0.161834242728283,1,1,0,1,0,1,1,0,0,1,0,0,0,0,0,0,0,0,0,0,0
0.927740689521201,83,4,0,2,0.22140275816017,1,1,0,1,0,1,1,0,0,1,0,0,0,0,0,0,0,0,0,0,0
2.31291169709282,83,5,0,2,0.284025416687741,1,1,0,1,0,1,1,0,0,1,0,0,0,0,0,0,0,0,0,0,0
1.77784810339694,83,6,0,2,0.349858807576003,1,1,0,1,0,1,1,0,0,1,0,0,0,0,0,0,0,0,0,0,0
2.13061832381907,83,7,0,2,0.419067548593257,1,1,0,1,0,1,1,0,0,1,0,0,0,0,0,0,0,0,0,0,0
1.72892068289762,83,8,0,2,0.49182469764127,1,1,0,1,0,1,1,0,0,1,0,0,0,0,0,0,0,0,0,0,0
1.29416609225874,83,9,0,2,0.568312185490169,1,1,0,1,0,1,1,0,0,1,0,0,0,0,0,0,0,0,0,0,0
4.8829102696056,83,10,0,2,0.648721270700128,1,1,0,1,0,1,1,0,0,1,0,0,0,0,0,0,0,0,0,0,0
0.51991299378925,84,1,0,1,0.01,0,1,1,0,1,1,1,1,0,1,0,0,0,0,0,0,0,0,0,0,0
0.987927727508624,84,2,0,1,0.01,0,1,1,0,1,1,1,1,0,1,0,0,0,0,0,0,0,0,0,0,0
0.226465554168577,84,3,0,1,0.01,0,1,1,0,1,1,1,1,0,1,0,0,0,0,0,0,0,0,0,0,0
-1.65671720171109,84,4,0,1,0.01,0,1,1,0,1,1,1,1,0,1,0,0,0,0,0,0,0,0,0,0,0
-0.659321245075139,84,5,0,1,0.01,0,1,1,0,1,1,1,1,0,1,0,0,0,0,0,0,0,0,0,0,0
-0.21461219344266,84,6,0,1,0.01,0,1,1,0,1,1,1,1,0,1,0,0,0,0,0,0,0,0,0,0,0
0.129956106517318,84,7,0,1,0.01,0,1,1,0,1,1,1,1,0,1,0,0,0,0,0,0,0,0,0,0,0
0.11399953235957,84,8,0,1,0.01,0,1,1,0,1,1,1,1,0,1,0,0,0,0,0,0,0,0,0,0,0
0.368265455625386,84,9,0,1,0.01,0,1,1,0,1,1,1,1,0,1,0,0,0,0,0,0,0,0,0,0,0
-0.329168264198932,84,10,0,1,0.01,0,1,1,0,1,1,1,1,0,1,0,0,0,0,0,0,0,0,0,0,0
-2.25529786767781,85,1,0,2,0.0512710963760241,1,1,0,1,1,1,1,0,0,1,0,0,0,0,0,0,0,0,0,0,0
-0.229098956001825,85,2,0,2,0.105170918075648,1,1,0,1,1,1,1,0,0,1,0,0,0,0,0,1,0,0,0,0,0
-0.573843567966251,85,3,0,2,0.161834242728283,1,1,0,1,1,1,1,0,0,1,0,0,0,0,1,0,0,0,0,0,0
1.31588807684903,85,4,0,2,0.22140275816017,1,1,0,1,1,1,1,0,0,1,0,0,0,1,0,0,0,0,0,0,0
2.3707547172795,85,5,0,2,0.284025416687741,1,1,0,1,1,1,1,0,0,1,0,0,1,0,0,0,0,0,0,0,0
0.622059372866313,85,6,0,2,0.349858807576003,1,1,0,1,1,1,1,0,0,1,0,1,0,0,0,0,0,0,0,0,0
3.44680156324253,85,7,0,2,0.419067548593257,1,1,0,1,1,1,1,0,0,1,1,0,0,0,0,0,0,0,0,0,0
2.07592562814245,85,8,0,2,0.49182469764127,1,1,0,1,1,1,1,0,0,1,0,0,0,0,0,0,1,0,0,0,0
0.956855169873787,85,9,0,2,0.568312185490169,1,1,0,1,1,1,1,0,0,1,0,0,0,0,0,0,0,1,0,0,0
5.07619741067592,85,10,0,2,0.648721270700128,1,1,0,1,1,1,1,0,0,1,0,0,0,0,0,0,0,0,1,0,0
2.03648236553906,86,1,0,1,0.01,1,0,1,1,1,1,1,0,0,1,0,0,0,0,0,0,0,0,0,0,0
1.99549824691762,86,2,0,1,0.01,1,0,1,1,1,1,1,0,0,1,0,0,0,0,0,0,0,0,0,0,0
-0.063448961196799,86,3,0,1,0.01,1,0,1,1,1,1,1,0,0,1,0,0,0,0,0,0,0,0,0,0,0
0.839959783161459,86,4,0,1,0.01,1,0,1,1,1,1,1,0,0,1,0,0,0,0,0,0,0,0,0,0,0
-0.828589917012324,86,5,0,1,0.01,1,0,1,1,1,1,1,0,0,1,0,0,0,0,0,0,0,0,0,0,0
0.291529502689248,86,6,0,1,0.01,1,0,1,1,1,1,1,0,0,1,0,0,0,0,0,0,0,0,0,0,0
2.72578197093417,86,7,0,1,0.01,1,0,1,1,1,1,1,0,0,1,0,0,0,0,0,0,0,0,0,0,0
-0.670066067399,86,8,0,1,0.01,1,0,1,1,1,1,1,0,0,1,0,0,0,0,0,0,0,0,0,0,0
0.916945954871133,86,9,0,1,0.01,1,0,1,1,1,1,1,0,0,1,0,0,0,0,0,0,0,0,0,0,0
-0.0166378056110302,86,10,0,1,0.01,1,0,1,1,1,1,1,0,0,1,0,0,0,0,0,0,0,0,0,0,0
-0.982785325613644,87,1,0,2,0.0512710963760241,0,0,1,0,1,1,0,0,0,1,0,0,0,0,0,0,0,0,0,0,0
1.63795253448703,87,2,0,2,0.105170918075648,0,0,1,0,1,1,0,0,0,1,0,0,0,0,0,0,0,0,0,0,0
2.02284931720289,87,3,0,2,0.161834242728283,0,0,1,0,1,1,0,0,0,1,0,0,0,0,0,0,0,0,0,0,0
0.715580909021518,87,4,0,2,0.22140275816017,0,0,1,0,1,1,0,0,0,1,0,0,0,0,0,0,0,0,0,0,0
0.666210729549943,87,5,0,2,0.284025416687741,0,0,1,0,1,1,0,0,0,1,0,0,0,0,0,0,0,0,0,0,0
2.65939783430498,87,6,0,2,0.349858807576003,0,0,1,0,1,1,0,0,0,1,0,0,0,0,0,0,0,0,0,0,0
2.48376285578957,87,7,0,2,0.419067548593257,0,0,1,0,1,1,0,0,0,1,0,0,0,0,0,0,0,0,0,0,0
3.6019285121858,87,8,0,2,0.49182469764127,0,0,1,0,1,1,0,0,0,1,0,0,0,0,0,0,0,0,0,0,0
2.15716874787875,87,9,0,2,0.568312185490169,0,0,1,0,1,1,0,0,0,1,0,0,0,0,0,0,0,0,0,0,0
4.41729495826096,87,10,0,2,0.648721270700128,0,0,1,0,1,1,0,0,0,1,0,0,0,0,0,0,0,0,0,0,0
-0.566096765272061,88,1,0,1,0.01,0,1,1,0,0,1,0,0,0,0,0,0,0,0,0,0,0,0,0,0,0
-0.663874856371484,88,2,0,1,0.01,0,1,1,0,0,1,0,0,0,0,0,0,0,0,0,0,0,0,0,0,0
-0.559673497859034,88,3,0,1,0.01,0,1,1,0,0,1,0,0,0,0,0,0,0,0,0,0,0,0,0,0,0
1.57122819763724,88,4,0,1,0.01,0,1,1,0,0,1,0,0,0,0,0,0,0,0,0,0,0,0,0,0,0
0.42841494544425,88,5,0,1,0.01,0,1,1,0,0,1,0,0,0,0,0,0,0,0,0,0,0,0,0,0,0
-1.30950069401318,88,6,0,1,0.01,0,1,1,0,0,1,0,0,0,0,0,0,0,0,0,0,0,0,0,0,0
-1.34407551778997,88,7,0,1,0.01,0,1,1,0,0,1,0,0,0,0,0,0,0,0,0,0,0,0,0,0,0
0.710055250121138,88,8,0,1,0.01,0,1,1,0,0,1,0,0,0,0,0,0,0,0,0,0,0,0,0,0,0
1.07563510940339,88,9,0,1,0.01,0,1,1,0,0,1,0,0,0,0,0,0,0,0,0,0,0,0,0,0,0
1.32432046279346,88,10,0,1,0.01,0,1,1,0,0,1,0,0,0,0,0,0,0,0,0,0,0,0,0,0,0
0.805284762895506,89,1,0,1,0.01,1,1,1,1,1,1,0,0,0,0,0,0,0,0,0,0,0,0,0,0,0
2.33791999350658,89,2,0,1,0.01,1,1,1,1,1,1,0,0,0,0,0,0,0,0,0,0,0,0,0,0,0
0.14781328983892,89,3,0,1,0.01,1,1,1,1,1,1,0,0,0,0,0,0,0,0,0,0,0,0,0,0,0
-1.71732365454305,89,4,0,1,0.01,1,1,1,1,1,1,0,0,0,0,0,0,0,0,0,0,0,0,0,0,0
1.10781119761055,89,5,0,1,0.01,1,1,1,1,1,1,0,0,0,0,0,0,0,0,0,0,0,0,0,0,0
0.335448610598156,89,6,0,1,0.01,1,1,1,1,1,1,0,0,0,0,0,0,0,0,0,0,0,0,0,0,0
0.390372965944685,89,7,0,1,0.01,1,1,1,1,1,1,0,0,0,0,0,0,0,0,0,0,0,0,0,0,0
0.802750699834802,89,8,0,1,0.01,1,1,1,1,1,1,0,0,0,0,0,0,0,0,0,0,0,0,0,0,0
-0.752556129764009,89,9,0,1,0.01,1,1,1,1,1,1,0,0,0,0,0,0,0,0,0,0,0,0,0,0,0
1.19942597176125,89,10,0,1,0.01,1,1,1,1,1,1,0,0,0,0,0,0,0,0,0,0,0,0,0,0,0
0.567513599815566,90,1,0,2,0.0512710963760241,1,1,1,1,1,0,1,1,0,0,0,0,0,0,0,0,0,0,0,0,0
1.08171603886836,90,2,0,2,0.105170918075648,1,1,1,1,1,0,1,1,0,0,0,0,0,0,0,0,0,0,0,0,0
1.05535380918543,90,3,0,2,0.161834242728283,1,1,1,1,1,0,1,1,0,0,0,0,0,0,0,0,0,0,0,0,0
0.966167325807235,90,4,0,2,0.22140275816017,1,1,1,1,1,0,1,1,0,0,0,0,0,0,0,0,0,0,0,0,0
0.582200260603047,90,5,0,2,0.284025416687741,1,1,1,1,1,0,1,1,0,0,0,0,0,0,0,0,0,0,0,0,0
1.67071227914607,90,6,0,2,0.349858807576003,1,1,1,1,1,0,1,1,0,0,0,0,0,0,0,0,0,0,0,0,0
2.48314955278306,90,7,0,2,0.419067548593257,1,1,1,1,1,0,1,1,0,0,0,0,0,0,0,0,0,0,0,0,0
2.2758206696172,90,8,0,2,0.49182469764127,1,1,1,1,1,0,1,1,0,0,0,0,0,0,0,0,0,0,0,0,0
2.67240648382555,90,9,0,2,0.568312185490169,1,1,1,1,1,0,1,1,0,0,0,0,0,0,0,0,0,0,0,0,0
5.28042484505419,90,10,0,2,0.648721270700128,1,1,1,1,1,0,1,1,0,0,0,0,0,0,0,0,0,0,0,0,0
-0.196130782589608,91,1,0,1,0.01,0,1,0,0,0,1,1,0,1,1,0,0,1,0,0,0,0,0,0,0,0
-1.97179028066102,91,2,0,1,0.01,0,1,0,0,0,1,1,0,1,1,0,1,0,0,0,0,0,0,0,0,0
-0.163406070109749,91,3,0,1,0.01,0,1,0,0,0,1,1,0,1,1,1,0,0,0,0,0,0,0,0,0,0
0.0433108012270968,91,4,0,1,0.01,0,1,0,0,0,1,1,0,1,1,0,0,0,0,0,0,1,0,0,0,0
2.85895427474682,91,5,0,1,0.01,0,1,0,0,0,1,1,0,1,1,0,0,0,0,0,0,0,1,0,0,0
0.328125720541163,91,6,0,1,0.01,0,1,0,0,0,1,1,0,1,1,0,0,0,0,0,0,0,0,1,0,0
1.04676560294321,91,7,0,1,0.01,0,1,0,0,0,1,1,0,1,1,0,0,0,0,0,0,0,0,0,1,0
-1.27755898192607,91,8,0,1,0.01,0,1,0,0,0,1,1,0,1,1,0,0,0,0,0,0,0,0,0,0,1
-0.527929666833701,91,9,0,1,0.01,0,1,0,0,0,1,1,0,1,1,0,0,0,0,0,0,0,0,0,0,0
0.232112962681355,91,10,0,1,0.01,0,1,0,0,0,1,1,0,1,1,0,0,0,0,0,0,0,0,0,0,0
-1.75626651504902,92,1,0,1,0.01,1,1,0,0,1,0,0,1,1,1,0,0,0,0,0,0,0,0,0,0,0
-0.295687673641008,92,2,0,1,0.01,1,1,0,0,1,0,0,1,1,1,0,0,0,0,0,0,0,0,0,0,0
1.31828614288949,92,3,0,1,0.01,1,1,0,0,1,0,0,1,1,1,0,0,0,0,0,0,0,0,0,0,0
2.19034999717978,92,4,0,1,0.01,1,1,0,0,1,0,0,1,1,1,0,0,0,0,0,0,0,0,0,0,0
-0.378672895230925,92,5,0,1,0.01,1,1,0,0,1,0,0,1,1,1,0,0,0,0,0,0,0,0,0,0,0
-1.786735887348,92,6,0,1,0.01,1,1,0,0,1,0,0,1,1,1,0,0,0,0,0,0,0,0,0,0,0
0.214931013607894,92,7,0,1,0.01,1,1,0,0,1,0,0,1,1,1,0,0,0,0,0,0,0,0,0,0,0
0.830941590586715,92,8,0,1,0.01,1,1,0,0,1,0,0,1,1,1,0,0,0,0,0,0,0,0,0,0,0
-0.980839004449344,92,9,0,1,0.01,1,1,0,0,1,0,0,1,1,1,0,0,0,0,0,0,0,0,0,0,0
0.561831072591353,92,10,0,1,0.01,1,1,0,0,1,0,0,1,1,1,0,0,0,0,0,0,0,0,0,0,0
-0.438623931177021,93,1,0,1,0.01,0,1,1,0,1,0,0,0,1,1,0,0,0,0,0,0,0,0,0,0,0
-0.0744545562765443,93,2,0,1,0.01,0,1,1,0,1,0,0,0,1,1,0,0,0,0,0,0,0,0,0,0,0
0.628193648912594,93,3,0,1,0.01,0,1,1,0,1,0,0,0,1,1,0,0,0,0,0,0,0,0,0,0,0
0.667186223691002,93,4,0,1,0.01,0,1,1,0,1,0,0,0,1,1,0,0,0,0,0,0,0,0,0,0,0
-2.46741838905241,93,5,0,1,0.01,0,1,1,0,1,0,0,0,1,1,0,0,0,0,0,0,0,0,0,0,0
0.557611974776467,93,6,0,1,0.01,0,1,1,0,1,0,0,0,1,1,0,0,0,0,0,0,0,0,0,0,0
-1.73334074845886,93,7,0,1,0.01,0,1,1,0,1,0,0,0,1,1,0,0,0,0,0,0,0,0,0,0,0
-1.50142552897276,93,8,0,1,0.01,0,1,1,0,1,0,0,0,1,1,0,0,0,0,0,0,0,0,0,0,0
-1.77756181980766,93,9,0,1,0.01,0,1,1,0,1,0,0,0,1,1,0,0,0,0,0,0,0,0,0,0,0
-0.757480252073918,93,10,0,1,0.01,0,1,1,0,1,0,0,0,1,1,0,0,0,0,0,0,0,0,0,0,0
0.304658888884429,94,1,0,2,0.0512710963760241,1,0,0,0,1,0,0,0,1,0,0,0,0,0,0,0,0,0,0,0,0
0.275034859470182,94,2,0,2,0.105170918075648,1,0,0,0,1,0,0,0,1,0,0,0,0,0,0,0,0,0,0,0,0
0.35522509729086,94,3,0,2,0.161834242728283,1,0,0,0,1,0,0,0,1,0,0,0,0,0,0,0,0,0,0,0,0
-0.906447816887106,94,4,0,2,0.22140275816017,1,0,0,0,1,0,0,0,1,0,0,0,0,0,0,0,0,0,0,0,0
1.11838565549276,94,5,0,2,0.284025416687741,1,0,0,0,1,0,0,0,1,0,0,0,0,0,0,0,0,0,0,0,0
1.80069635786228,94,6,0,2,0.349858807576003,1,0,0,0,1,0,0,0,1,0,0,0,0,0,0,0,0,0,0,0,0
2.46031840263044,94,7,0,2,0.419067548593257,1,0,0,0,1,0,0,0,1,0,0,0,0,0,0,0,0,0,0,0,0
2.05809236545817,94,8,0,2,0.49182469764127,1,0,0,0,1,0,0,0,1,0,0,0,0,0,0,0,0,0,0,0,0
2.62022887946499,94,9,0,2,0.568312185490169,1,0,0,0,1,0,0,0,1,0,0,0,0,0,0,0,0,0,0,0,0
2.98023886583747,94,10,0,2,0.648721270700128,1,0,0,0,1,0,0,0,1,0,0,0,0,0,0,0,0,0,0,0,0
-0.279151623407655,95,1,0,2,0.0512710963760241,0,1,0,0,1,0,0,0,1,1,0,0,0,0,0,0,0,0,0,0,0
1.12503071944205,95,2,0,2,0.105170918075648,0,1,0,0,1,0,0,0,1,1,0,0,0,0,0,0,0,0,0,0,0
-1.01541611574497,95,3,0,2,0.161834242728283,0,1,0,0,1,0,0,0,1,1,0,0,0,0,0,0,0,0,0,0,0
2.27077266943436,95,4,0,2,0.22140275816017,0,1,0,0,1,0,0,0,1,1,0,0,0,0,0,0,0,0,0,0,0
1.34505285939801,95,5,0,2,0.284025416687741,0,1,0,0,1,0,0,0,1,1,0,0,0,0,0,0,0,0,0,0,0
1.74897318820578,95,6,0,2,0.349858807576003,0,1,0,0,1,0,0,0,1,1,0,0,0,0,0,0,0,0,0,0,0
2.00415077664153,95,7,0,2,0.419067548593257,0,1,0,0,1,0,0,0,1,1,0,0,0,0,0,0,0,0,0,0,0
3.32962000544999,95,8,0,2,0.49182469764127,0,1,0,0,1,0,0,0,1,1,0,0,0,0,0,0,0,0,0,0,0
2.46349392448227,95,9,0,2,0.568312185490169,0,1,0,0,1,0,0,0,1,1,0,0,0,0,0,0,0,0,0,0,0
1.57661995285131,95,10,0,2,0.648721270700128,0,1,0,0,1,0,0,0,1,1,0,0,0,0,0,0,0,0,0,0,0
-0.420286550240149,96,1,0,1,0.01,0,1,1,1,1,0,0,0,1,0,0,0,0,0,0,0,0,0,0,0,0
0.806704018579508,96,2,0,1,0.01,0,1,1,1,1,0,0,0,1,0,0,0,0,0,0,0,0,0,0,0,0
-0.252518820853393,96,3,0,1,0.01,0,1,1,1,1,0,0,0,1,0,0,0,0,0,0,0,0,0,0,0,0
-1.37987168881782,96,4,0,1,0.01,0,1,1,1,1,0,0,0,1,0,0,0,0,0,0,0,0,0,0,0,0
1.25608572126909,96,5,0,1,0.01,0,1,1,1,1,0,0,0,1,0,0,0,0,0,0,0,0,0,0,0,0
2.04956906367589,96,6,0,1,0.01,0,1,1,1,1,0,0,0,1,0,0,0,0,0,0,0,0,0,0,0,0
-0.30705265833174,96,7,0,1,0.01,0,1,1,1,1,0,0,0,1,0,0,0,0,0,0,0,0,0,0,0,0
0.651206592838796,96,8,0,1,0.01,0,1,1,1,1,0,0,0,1,0,0,0,0,0,0,0,0,0,0,0,0
1.28801439744895,96,9,0,1,0.01,0,1,1,1,1,0,0,0,1,0,0,0,0,0,0,0,0,0,0,0,0
0.259597480238269,96,10,0,1,0.01,0,1,1,1,1,0,0,0,1,0,0,0,0,0,0,0,0,0,0,0,0
0.47497428674482,97,1,0,1,0.01,1,0,1,0,0,1,1,1,1,1,0,0,0,0,0,0,0,0,0,0,0
0.891055606146628,97,2,0,1,0.01,1,0,1,0,0,1,1,1,1,1,0,0,0,0,0,0,0,0,0,0,0
0.75888807824099,97,3,0,1,0.01,1,0,1,0,0,1,1,1,1,1,0,0,0,0,0,0,0,0,0,0,0
1.49919450329293,97,4,0,1,0.01,1,0,1,0,0,1,1,1,1,1,0,0,0,0,0,0,0,0,0,0,0
0.557808312470886,97,5,0,1,0.01,1,0,1,0,0,1,1,1,1,1,0,0,0,0,0,0,0,0,0,0,0
0.304641390084769,97,6,0,1,0.01,1,0,1,0,0,1,1,1,1,1,0,0,0,0,0,0,0,0,0,0,0
0.168617287617669,97,7,0,1,0.01,1,0,1,0,0,1,1,1,1,1,0,0,0,0,0,0,0,0,0,0,0
-0.21819683342749,97,8,0,1,0.01,1,0,1,0,0,1,1,1,1,1,0,0,0,0,0,0,0,0,0,0,0
0.116082586390113,97,9,0,1,0.01,1,0,1,0,0,1,1,1,1,1,0,0,0,0,0,0,0,0,0,0,0
0.581833222402586,97,10,0,1,0.01,1,0,1,0,0,1,1,1,1,1,0,0,0,0,0,0,0,0,0,0,0
1.95711405976134,98,1,0,3,0.127496851579376,1,1,0,1,0,1,1,0,0,0,0,0,0,0,0,0,0,0,0,0,0
-1.32920456727832,98,2,0,3,0.271249150321405,1,1,0,1,0,1,1,0,0,0,0,0,0,0,0,0,0,0,0,0,0
1.55729292179272,98,3,0,3,0.43332941456034,1,1,0,1,0,1,1,0,0,0,0,0,0,0,0,0,0,0,0,0,0
3.10064972547576,98,4,0,3,0.616074402192893,1,1,0,1,0,1,1,0,0,0,0,0,0,0,0,0,0,0,0,0,0
6.17006195031378,98,5,0,3,0.822118800390509,1,1,0,1,0,1,1,0,0,0,0,0,0,0,0,1,0,0,0,0,0
5.16668051902806,98,6,0,3,1.05443321064389,1,1,0,1,0,1,1,0,0,0,0,0,0,0,1,0,0,0,0,0,0
5.92994548422564,98,7,0,3,1.31636697678109,1,1,0,1,0,1,1,0,0,0,0,0,0,1,0,0,0,0,0,0,0
8.88642226773409,98,8,0,3,1.61169647342312,1,1,0,1,0,1,1,0,0,0,0,0,1,0,0,0,0,0,0,0,0
9.08917686464808,98,9,0,3,1.94467955106552,1,1,0,1,0,1,1,0,0,0,0,1,0,0,0,0,0,0,0,0,0
12.077776654855,98,10,0,3,2.32011692273655,1,1,0,1,0,1,1,0,0,0,1,0,0,0,0,0,0,0,0,0,0
0.506885114694557,99,1,0,2,0.0512710963760241,0,1,0,0,1,0,1,0,1,0,0,0,0,0,0,0,0,0,0,0,0
0.547954459525457,99,2,0,2,0.105170918075648,0,1,0,0,1,0,1,0,1,0,0,0,0,0,0,0,0,0,0,0,0
0.500187298472722,99,3,0,2,0.161834242728283,0,1,0,0,1,0,1,0,1,0,0,0,0,0,0,0,0,0,0,0,0
1.13972512204317,99,4,0,2,0.22140275816017,0,1,0,0,1,0,1,0,1,0,0,0,0,0,0,0,0,0,0,0,0
1.96154797672343,99,5,0,2,0.284025416687741,0,1,0,0,1,0,1,0,1,0,0,0,0,0,0,0,0,0,0,0,0
3.63269262241393,99,6,0,2,0.349858807576003,0,1,0,0,1,0,1,0,1,0,0,0,0,0,0,0,0,0,0,0,0
0.866517178504685,99,7,0,2,0.419067548593257,0,1,0,0,1,0,1,0,1,0,0,0,0,0,0,0,0,0,0,0,0
3.08841052295159,99,8,0,2,0.49182469764127,0,1,0,0,1,0,1,0,1,0,0,0,0,0,0,0,0,0,0,0,0
4.25530226347413,99,9,0,2,0.568312185490169,0,1,0,0,1,0,1,0,1,0,0,0,0,0,0,0,0,0,0,0,0
3.87034781094031,99,10,0,2,0.648721270700128,0,1,0,0,1,0,1,0,1,0,0,0,0,0,0,0,0,0,0,0,0
1.36799952473275,100,1,0,2,0.0512710963760241,1,0,0,1,0,1,1,1,1,1,0,0,0,0,0,0,0,0,0,0,0
-0.0916516662226403,100,2,0,2,0.105170918075648,1,0,0,1,0,1,1,1,1,1,0,0,0,0,0,0,0,0,0,0,0
0.837616828928022,100,3,0,2,0.161834242728283,1,0,0,1,0,1,1,1,1,1,0,0,0,0,0,0,0,0,0,0,0
1.23441441608667,100,4,0,2,0.22140275816017,1,0,0,1,0,1,1,1,1,1,0,0,0,0,0,1,0,0,0,0,0
0.400320127630336,100,5,0,2,0.284025416687741,1,0,0,1,0,1,1,1,1,1,0,0,0,0,1,0,0,0,0,0,0
2.83278778724228,100,6,0,2,0.349858807576003,1,0,0,1,0,1,1,1,1,1,0,0,0,1,0,0,0,0,0,0,0
1.13704705492428,100,7,0,2,0.419067548593257,1,0,0,1,0,1,1,1,1,1,0,0,1,0,0,0,0,0,0,0,0
2.49262096047978,100,8,0,2,0.49182469764127,1,0,0,1,0,1,1,1,1,1,0,1,0,0,0,0,0,0,0,0,0
2.3476498479441,100,9,0,2,0.568312185490169,1,0,0,1,0,1,1,1,1,1,1,0,0,0,0,0,0,0,0,0,0
3.19480029772158,100,10,0,2,0.648721270700128,1,0,0,1,0,1,1,1,1,1,0,0,0,0,0,0,1,0,0,0,0
